REF_DATE,GEO,Trade flow detail,Product,SCALAR_FACTOR,VALUE,STATUS
2007,Canada,Total supply and total demand,"Fish, crustaceans, shellfish and other fishery products [M1140]",millions,3577.7,
2007,Canada,Interprovincial exports,"Fish, crustaceans, shellfish and other fishery products [M1140]",millions,546.9,
2007,Canada,Interprovincial imports,"Fish, crustaceans, shellfish and other fishery products [M1140]",millions,546.9,
2007,Canada,International exports,"Fish, crustaceans, shellfish and other fishery products [M1140]",millions,1132.3,
2007,Canada,International re-exports,"Fish, crustaceans, shellfish and other fishery products [M1140]",millions,12.1,
2007,Canada,International imports,"Fish, crustaceans, shellfish and other fishery products [M1140]",millions,506.8,
2007,Newfoundland and Labrador,Total supply,"Fish, crustaceans, shellfish and other fishery products [M1140]",millions,426.3,
2007,Newfoundland and Labrador,Total demand,"Fish, crustaceans, shellfish and other fishery products [M1140]",millions,607.8,
2007,Newfoundland and Labrador,To Newfoundland and Labrador,"Fish, crustaceans, shellfish and other fishery products [M1140]",millions,379.5,
2007,Newfoundland and Labrador,To Prince Edward Island,"Fish, crustaceans, shellfish and other fishery products [M1140]",millions,0.9,
2007,Newfoundland and Labrador,To Nova Scotia,"Fish, crustaceans, shellfish and other fishery products [M1140]",millions,13.8,
2007,Newfoundland and Labrador,To New Brunswick,"Fish, crustaceans, shellfish and other fishery products [M1140]",millions,31.3,
2007,Newfoundland and Labrador,To Quebec,"Fish, crustaceans, shellfish and other fishery products [M1140]",millions,13.1,
2007,Newfoundland and Labrador,To Ontario,"Fish, crustaceans, shellfish and other fishery products [M1140]",millions,1.2,
2007,Newfoundland and Labrador,To Manitoba,"Fish, crustaceans, shellfish and other fishery products [M1140]",millions,0.0,
2007,Newfoundland and Labrador,To Saskatchewan,"Fish, crustaceans, shellfish and other fishery products [M1140]",millions,0.2,
2007,Newfoundland and Labrador,To Alberta,"Fish, crustaceans, shellfish and other fishery products [M1140]",millions,0.0,
2007,Newfoundland and Labrador,To British Columbia,"Fish, crustaceans, shellfish and other fishery products [M1140]",millions,0.0,
2007,Newfoundland and Labrador,To Yukon,"Fish, crustaceans, shellfish and other fishery products [M1140]",millions,0.0,
2007,Newfoundland and Labrador,Interprovincial exports,"Fish, crustaceans, shellfish and other fishery products [M1140]",millions,60.5,
2007,Newfoundland and Labrador,Interprovincial imports,"Fish, crustaceans, shellfish and other fishery products [M1140]",millions,23.1,
2007,Newfoundland and Labrador,International exports,"Fish, crustaceans, shellfish and other fishery products [M1140]",millions,167.8,
2007,Newfoundland and Labrador,International imports,"Fish, crustaceans, shellfish and other fishery products [M1140]",millions,23.7,
2007,Prince Edward Island,Total supply,"Fish, crustaceans, shellfish and other fishery products [M1140]",millions,150.6,
2007,Prince Edward Island,Total demand,"Fish, crustaceans, shellfish and other fishery products [M1140]",millions,172.0,
2007,Prince Edward Island,To Newfoundland and Labrador,"Fish, crustaceans, shellfish and other fishery products [M1140]",millions,2.9,
2007,Prince Edward Island,To Prince Edward Island,"Fish, crustaceans, shellfish and other fishery products [M1140]",millions,113.4,
2007,Prince Edward Island,To Nova Scotia,"Fish, crustaceans, shellfish and other fishery products [M1140]",millions,0.2,
2007,Prince Edward Island,To New Brunswick,"Fish, crustaceans, shellfish and other fishery products [M1140]",millions,19.3,
2007,Prince Edward Island,To Quebec,"Fish, crustaceans, shellfish and other fishery products [M1140]",millions,2.4,
2007,Prince Edward Island,To Ontario,"Fish, crustaceans, shellfish and other fishery products [M1140]",millions,0.4,
2007,Prince Edward Island,To Manitoba,"Fish, crustaceans, shellfish and other fishery products [M1140]",millions,0.0,
2007,Prince Edward Island,To Alberta,"Fish, crustaceans, shellfish and other fishery products [M1140]",millions,0.1,
2007,Prince Edward Island,Interprovincial exports,"Fish, crustaceans, shellfish and other fishery products [M1140]",millions,25.4,
2007,Prince Edward Island,Interprovincial imports,"Fish, crustaceans, shellfish and other fishery products [M1140]",millions,36.2,
2007,Prince Edward Island,International exports,"Fish, crustaceans, shellfish and other fishery products [M1140]",millions,33.3,
2007,Prince Edward Island,International imports,"Fish, crustaceans, shellfish and other fishery products [M1140]",millions,1.1,
2007,Nova Scotia,Total supply,"Fish, crustaceans, shellfish and other fishery products [M1140]",millions,318.2,
2007,Nova Scotia,Total demand,"Fish, crustaceans, shellfish and other fishery products [M1140]",millions,644.8,
2007,Nova Scotia,To Newfoundland and Labrador,"Fish, crustaceans, shellfish and other fishery products [M1140]",millions,5.1,
2007,Nova Scotia,To Prince Edward Island,"Fish, crustaceans, shellfish and other fishery products [M1140]",millions,24.8,
2007,Nova Scotia,To Nova Scotia,"Fish, crustaceans, shellfish and other fishery products [M1140]",millions,276.7,
2007,Nova Scotia,To New Brunswick,"Fish, crustaceans, shellfish and other fishery products [M1140]",millions,110.0,
2007,Nova Scotia,To Quebec,"Fish, crustaceans, shellfish and other fishery products [M1140]",millions,17.5,
2007,Nova Scotia,To Ontario,"Fish, crustaceans, shellfish and other fishery products [M1140]",millions,2.1,
2007,Nova Scotia,To Manitoba,"Fish, crustaceans, shellfish and other fishery products [M1140]",millions,0.2,
2007,Nova Scotia,To Saskatchewan,"Fish, crustaceans, shellfish and other fishery products [M1140]",millions,0.8,
2007,Nova Scotia,To Alberta,"Fish, crustaceans, shellfish and other fishery products [M1140]",millions,1.7,
2007,Nova Scotia,To British Columbia,"Fish, crustaceans, shellfish and other fishery products [M1140]",millions,0.0,
2007,Nova Scotia,Interprovincial exports,"Fish, crustaceans, shellfish and other fishery products [M1140]",millions,162.1,
2007,Nova Scotia,Interprovincial imports,"Fish, crustaceans, shellfish and other fishery products [M1140]",millions,34.8,
2007,Nova Scotia,International exports,"Fish, crustaceans, shellfish and other fishery products [M1140]",millions,206.0,
2007,Nova Scotia,International imports,"Fish, crustaceans, shellfish and other fishery products [M1140]",millions,6.7,
2007,New Brunswick,Total supply,"Fish, crustaceans, shellfish and other fishery products [M1140]",millions,427.3,
2007,New Brunswick,Total demand,"Fish, crustaceans, shellfish and other fishery products [M1140]",millions,310.3,
2007,New Brunswick,To Newfoundland and Labrador,"Fish, crustaceans, shellfish and other fishery products [M1140]",millions,5.8,
2007,New Brunswick,To Prince Edward Island,"Fish, crustaceans, shellfish and other fishery products [M1140]",millions,10.0,
2007,New Brunswick,To Nova Scotia,"Fish, crustaceans, shellfish and other fishery products [M1140]",millions,20.1,
2007,New Brunswick,To New Brunswick,"Fish, crustaceans, shellfish and other fishery products [M1140]",millions,53.5,
2007,New Brunswick,To Quebec,"Fish, crustaceans, shellfish and other fishery products [M1140]",millions,9.9,
2007,New Brunswick,To Ontario,"Fish, crustaceans, shellfish and other fishery products [M1140]",millions,0.0,
2007,New Brunswick,To Manitoba,"Fish, crustaceans, shellfish and other fishery products [M1140]",millions,0.1,
2007,New Brunswick,To Saskatchewan,"Fish, crustaceans, shellfish and other fishery products [M1140]",millions,0.0,
2007,New Brunswick,To Alberta,"Fish, crustaceans, shellfish and other fishery products [M1140]",millions,0.3,
2007,New Brunswick,To British Columbia,"Fish, crustaceans, shellfish and other fishery products [M1140]",millions,0.1,
2007,New Brunswick,Interprovincial exports,"Fish, crustaceans, shellfish and other fishery products [M1140]",millions,47.2,
2007,New Brunswick,Interprovincial imports,"Fish, crustaceans, shellfish and other fishery products [M1140]",millions,219.4,
2007,New Brunswick,International exports,"Fish, crustaceans, shellfish and other fishery products [M1140]",millions,209.6,
2007,New Brunswick,International imports,"Fish, crustaceans, shellfish and other fishery products [M1140]",millions,154.4,
2007,Quebec,Total supply,"Fish, crustaceans, shellfish and other fishery products [M1140]",millions,262.2,
2007,Quebec,Total demand,"Fish, crustaceans, shellfish and other fishery products [M1140]",millions,0.0,
2007,Quebec,To Newfoundland and Labrador,"Fish, crustaceans, shellfish and other fishery products [M1140]",millions,0.0,
2007,Quebec,To Prince Edward Island,"Fish, crustaceans, shellfish and other fishery products [M1140]",millions,0.0,
2007,Quebec,To Nova Scotia,"Fish, crustaceans, shellfish and other fishery products [M1140]",millions,0.0,
2007,Quebec,To Quebec,"Fish, crustaceans, shellfish and other fishery products [M1140]",millions,0.0,
2007,Quebec,To Ontario,"Fish, crustaceans, shellfish and other fishery products [M1140]",millions,0.0,
2007,Quebec,To Manitoba,"Fish, crustaceans, shellfish and other fishery products [M1140]",millions,0.0,
2007,Quebec,To Saskatchewan,"Fish, crustaceans, shellfish and other fishery products [M1140]",millions,0.0,
2007,Quebec,To Alberta,"Fish, crustaceans, shellfish and other fishery products [M1140]",millions,0.0,
2007,Quebec,To British Columbia,"Fish, crustaceans, shellfish and other fishery products [M1140]",millions,0.0,
2007,Quebec,Interprovincial exports,"Fish, crustaceans, shellfish and other fishery products [M1140]",millions,0.0,
2007,Quebec,Interprovincial imports,"Fish, crustaceans, shellfish and other fishery products [M1140]",millions,93.5,
2007,Quebec,International exports,"Fish, crustaceans, shellfish and other fishery products [M1140]",millions,0.0,
2007,Quebec,International imports,"Fish, crustaceans, shellfish and other fishery products [M1140]",millions,38.0,
2007,Ontario,Total supply,"Fish, crustaceans, shellfish and other fishery products [M1140]",millions,286.6,
2007,Ontario,Total demand,"Fish, crustaceans, shellfish and other fishery products [M1140]",millions,0.0,
2007,Ontario,To Nova Scotia,"Fish, crustaceans, shellfish and other fishery products [M1140]",millions,0.0,
2007,Ontario,To New Brunswick,"Fish, crustaceans, shellfish and other fishery products [M1140]",millions,0.0,
2007,Ontario,To Quebec,"Fish, crustaceans, shellfish and other fishery products [M1140]",millions,0.0,
2007,Ontario,To Ontario,"Fish, crustaceans, shellfish and other fishery products [M1140]",millions,0.0,
2007,Ontario,To Manitoba,"Fish, crustaceans, shellfish and other fishery products [M1140]",millions,0.0,
2007,Ontario,To Saskatchewan,"Fish, crustaceans, shellfish and other fishery products [M1140]",millions,0.0,
2007,Ontario,To Alberta,"Fish, crustaceans, shellfish and other fishery products [M1140]",millions,0.0,
2007,Ontario,To British Columbia,"Fish, crustaceans, shellfish and other fishery products [M1140]",millions,0.0,
2007,Ontario,To Northwest Territories,"Fish, crustaceans, shellfish and other fishery products [M1140]",millions,0.0,
2007,Ontario,Interprovincial exports,"Fish, crustaceans, shellfish and other fishery products [M1140]",millions,0.0,
2007,Ontario,Interprovincial imports,"Fish, crustaceans, shellfish and other fishery products [M1140]",millions,97.9,
2007,Ontario,International exports,"Fish, crustaceans, shellfish and other fishery products [M1140]",millions,0.0,
2007,Ontario,International imports,"Fish, crustaceans, shellfish and other fishery products [M1140]",millions,128.4,
2007,Manitoba,Total supply,"Fish, crustaceans, shellfish and other fishery products [M1140]",millions,0.0,
2007,Manitoba,Total demand,"Fish, crustaceans, shellfish and other fishery products [M1140]",millions,0.0,
2007,Manitoba,To Newfoundland and Labrador,"Fish, crustaceans, shellfish and other fishery products [M1140]",millions,0.0,
2007,Manitoba,To Nova Scotia,"Fish, crustaceans, shellfish and other fishery products [M1140]",millions,0.0,
2007,Manitoba,To New Brunswick,"Fish, crustaceans, shellfish and other fishery products [M1140]",millions,0.0,
2007,Manitoba,To Quebec,"Fish, crustaceans, shellfish and other fishery products [M1140]",millions,0.0,
2007,Manitoba,To Ontario,"Fish, crustaceans, shellfish and other fishery products [M1140]",millions,0.0,
2007,Manitoba,To Manitoba,"Fish, crustaceans, shellfish and other fishery products [M1140]",millions,0.0,
2007,Manitoba,To Saskatchewan,"Fish, crustaceans, shellfish and other fishery products [M1140]",millions,0.0,
2007,Manitoba,To Alberta,"Fish, crustaceans, shellfish and other fishery products [M1140]",millions,0.0,
2007,Manitoba,To British Columbia,"Fish, crustaceans, shellfish and other fishery products [M1140]",millions,0.0,
2007,Manitoba,Interprovincial exports,"Fish, crustaceans, shellfish and other fishery products [M1140]",millions,0.0,
2007,Manitoba,Interprovincial imports,"Fish, crustaceans, shellfish and other fishery products [M1140]",millions,15.8,
2007,Manitoba,International exports,"Fish, crustaceans, shellfish and other fishery products [M1140]",millions,0.0,
2007,Manitoba,International imports,"Fish, crustaceans, shellfish and other fishery products [M1140]",millions,0.0,
2007,Saskatchewan,Total supply,"Fish, crustaceans, shellfish and other fishery products [M1140]",millions,0.0,
2007,Saskatchewan,Interprovincial imports,"Fish, crustaceans, shellfish and other fishery products [M1140]",millions,0.0,
2007,Alberta,Total supply,"Fish, crustaceans, shellfish and other fishery products [M1140]",millions,0.0,
2007,Alberta,Interprovincial imports,"Fish, crustaceans, shellfish and other fishery products [M1140]",millions,20.0,
2007,Alberta,International imports,"Fish, crustaceans, shellfish and other fishery products [M1140]",millions,0.0,
2007,British Columbia,Total supply,"Fish, crustaceans, shellfish and other fishery products [M1140]",millions,468.4,
2007,British Columbia,Total demand,"Fish, crustaceans, shellfish and other fishery products [M1140]",millions,916.0,
2007,British Columbia,To Newfoundland and Labrador,"Fish, crustaceans, shellfish and other fishery products [M1140]",millions,0.0,
2007,British Columbia,To Prince Edward Island,"Fish, crustaceans, shellfish and other fishery products [M1140]",millions,0.0,
2007,British Columbia,To Nova Scotia,"Fish, crustaceans, shellfish and other fishery products [M1140]",millions,0.0,
2007,British Columbia,To New Brunswick,"Fish, crustaceans, shellfish and other fishery products [M1140]",millions,52.4,
2007,British Columbia,To Quebec,"Fish, crustaceans, shellfish and other fishery products [M1140]",millions,28.6,
2007,British Columbia,To Ontario,"Fish, crustaceans, shellfish and other fishery products [M1140]",millions,84.7,
2007,British Columbia,To Manitoba,"Fish, crustaceans, shellfish and other fishery products [M1140]",millions,12.4,
2007,British Columbia,To Saskatchewan,"Fish, crustaceans, shellfish and other fishery products [M1140]",millions,0.0,
2007,British Columbia,To Alberta,"Fish, crustaceans, shellfish and other fishery products [M1140]",millions,12.0,
2007,British Columbia,To British Columbia,"Fish, crustaceans, shellfish and other fishery products [M1140]",millions,337.2,
2007,British Columbia,To Yukon,"Fish, crustaceans, shellfish and other fishery products [M1140]",millions,0.0,
2007,British Columbia,To Northwest Territories,"Fish, crustaceans, shellfish and other fishery products [M1140]",millions,0.0,
2007,British Columbia,Interprovincial exports,"Fish, crustaceans, shellfish and other fishery products [M1140]",millions,191.4,
2007,British Columbia,Interprovincial imports,"Fish, crustaceans, shellfish and other fishery products [M1140]",millions,1.4,
2007,British Columbia,International exports,"Fish, crustaceans, shellfish and other fishery products [M1140]",millions,387.4,
2007,British Columbia,International imports,"Fish, crustaceans, shellfish and other fishery products [M1140]",millions,129.8,
2007,Yukon,Total supply,"Fish, crustaceans, shellfish and other fishery products [M1140]",millions,0.0,
2007,Yukon,Interprovincial imports,"Fish, crustaceans, shellfish and other fishery products [M1140]",millions,0.0,
2007,Northwest Territories,Total supply,"Fish, crustaceans, shellfish and other fishery products [M1140]",millions,0.0,
2007,Northwest Territories,Interprovincial imports,"Fish, crustaceans, shellfish and other fishery products [M1140]",millions,0.0,
2007,Nunavut,Total demand,"Fish, crustaceans, shellfish and other fishery products [M1140]",millions,3.5,
2007,Nunavut,To Ontario,"Fish, crustaceans, shellfish and other fishery products [M1140]",millions,0.0,
2007,Nunavut,To Manitoba,"Fish, crustaceans, shellfish and other fishery products [M1140]",millions,2.5,
2007,Nunavut,To Alberta,"Fish, crustaceans, shellfish and other fishery products [M1140]",millions,0.0,
2007,Nunavut,To Northwest Territories,"Fish, crustaceans, shellfish and other fishery products [M1140]",millions,0.0,
2007,Nunavut,To Nunavut,"Fish, crustaceans, shellfish and other fishery products [M1140]",millions,0.8,
2007,Nunavut,Interprovincial exports,"Fish, crustaceans, shellfish and other fishery products [M1140]",millions,2.5,
2007,Nunavut,International exports,"Fish, crustaceans, shellfish and other fishery products [M1140]",millions,0.2,
2008,Canada,Total supply and total demand,"Fish, crustaceans, shellfish and other fishery products [M1140]",millions,3586.1,
2008,Canada,Interprovincial exports,"Fish, crustaceans, shellfish and other fishery products [M1140]",millions,468.2,
2008,Canada,Interprovincial imports,"Fish, crustaceans, shellfish and other fishery products [M1140]",millions,468.2,
2008,Canada,International exports,"Fish, crustaceans, shellfish and other fishery products [M1140]",millions,1276.8,
2008,Canada,International re-exports,"Fish, crustaceans, shellfish and other fishery products [M1140]",millions,9.1,
2008,Canada,International imports,"Fish, crustaceans, shellfish and other fishery products [M1140]",millions,635.6,
2008,Newfoundland and Labrador,Total supply,"Fish, crustaceans, shellfish and other fishery products [M1140]",millions,427.8,
2008,Newfoundland and Labrador,Total demand,"Fish, crustaceans, shellfish and other fishery products [M1140]",millions,663.3,
2008,Newfoundland and Labrador,To Newfoundland and Labrador,"Fish, crustaceans, shellfish and other fishery products [M1140]",millions,374.7,
2008,Newfoundland and Labrador,To Prince Edward Island,"Fish, crustaceans, shellfish and other fishery products [M1140]",millions,0.0,
2008,Newfoundland and Labrador,To Nova Scotia,"Fish, crustaceans, shellfish and other fishery products [M1140]",millions,23.7,
2008,Newfoundland and Labrador,To New Brunswick,"Fish, crustaceans, shellfish and other fishery products [M1140]",millions,21.8,
2008,Newfoundland and Labrador,To Quebec,"Fish, crustaceans, shellfish and other fishery products [M1140]",millions,14.8,
2008,Newfoundland and Labrador,To Ontario,"Fish, crustaceans, shellfish and other fishery products [M1140]",millions,1.3,
2008,Newfoundland and Labrador,To Manitoba,"Fish, crustaceans, shellfish and other fishery products [M1140]",millions,0.0,
2008,Newfoundland and Labrador,To Saskatchewan,"Fish, crustaceans, shellfish and other fishery products [M1140]",millions,0.0,
2008,Newfoundland and Labrador,To Alberta,"Fish, crustaceans, shellfish and other fishery products [M1140]",millions,0.0,
2008,Newfoundland and Labrador,To British Columbia,"Fish, crustaceans, shellfish and other fishery products [M1140]",millions,0.0,
2008,Newfoundland and Labrador,To Yukon,"Fish, crustaceans, shellfish and other fishery products [M1140]",millions,0.0,
2008,Newfoundland and Labrador,Interprovincial exports,"Fish, crustaceans, shellfish and other fishery products [M1140]",millions,62.5,
2008,Newfoundland and Labrador,Interprovincial imports,"Fish, crustaceans, shellfish and other fishery products [M1140]",millions,13.7,
2008,Newfoundland and Labrador,International exports,"Fish, crustaceans, shellfish and other fishery products [M1140]",millions,226.1,
2008,Newfoundland and Labrador,International imports,"Fish, crustaceans, shellfish and other fishery products [M1140]",millions,39.4,
2008,Prince Edward Island,Total supply,"Fish, crustaceans, shellfish and other fishery products [M1140]",millions,135.0,
2008,Prince Edward Island,Total demand,"Fish, crustaceans, shellfish and other fishery products [M1140]",millions,148.2,
2008,Prince Edward Island,To Newfoundland and Labrador,"Fish, crustaceans, shellfish and other fishery products [M1140]",millions,2.8,
2008,Prince Edward Island,To Prince Edward Island,"Fish, crustaceans, shellfish and other fishery products [M1140]",millions,94.3,
2008,Prince Edward Island,To Nova Scotia,"Fish, crustaceans, shellfish and other fishery products [M1140]",millions,1.8,
2008,Prince Edward Island,To New Brunswick,"Fish, crustaceans, shellfish and other fishery products [M1140]",millions,24.0,
2008,Prince Edward Island,To Quebec,"Fish, crustaceans, shellfish and other fishery products [M1140]",millions,2.6,
2008,Prince Edward Island,To Ontario,"Fish, crustaceans, shellfish and other fishery products [M1140]",millions,0.5,
2008,Prince Edward Island,To Manitoba,"Fish, crustaceans, shellfish and other fishery products [M1140]",millions,0.0,
2008,Prince Edward Island,To Alberta,"Fish, crustaceans, shellfish and other fishery products [M1140]",millions,0.1,
2008,Prince Edward Island,Interprovincial exports,"Fish, crustaceans, shellfish and other fishery products [M1140]",millions,31.7,
2008,Prince Edward Island,Interprovincial imports,"Fish, crustaceans, shellfish and other fishery products [M1140]",millions,37.3,
2008,Prince Edward Island,International exports,"Fish, crustaceans, shellfish and other fishery products [M1140]",millions,22.2,
2008,Prince Edward Island,International imports,"Fish, crustaceans, shellfish and other fishery products [M1140]",millions,3.4,
2008,Nova Scotia,Total supply,"Fish, crustaceans, shellfish and other fishery products [M1140]",millions,345.3,
2008,Nova Scotia,Total demand,"Fish, crustaceans, shellfish and other fishery products [M1140]",millions,706.0,
2008,Nova Scotia,To Newfoundland and Labrador,"Fish, crustaceans, shellfish and other fishery products [M1140]",millions,3.1,
2008,Nova Scotia,To Prince Edward Island,"Fish, crustaceans, shellfish and other fishery products [M1140]",millions,23.1,
2008,Nova Scotia,To Nova Scotia,"Fish, crustaceans, shellfish and other fishery products [M1140]",millions,292.9,
2008,Nova Scotia,To New Brunswick,"Fish, crustaceans, shellfish and other fishery products [M1140]",millions,95.5,
2008,Nova Scotia,To Quebec,"Fish, crustaceans, shellfish and other fishery products [M1140]",millions,30.9,
2008,Nova Scotia,To Ontario,"Fish, crustaceans, shellfish and other fishery products [M1140]",millions,3.3,
2008,Nova Scotia,To Manitoba,"Fish, crustaceans, shellfish and other fishery products [M1140]",millions,3.4,
2008,Nova Scotia,To Saskatchewan,"Fish, crustaceans, shellfish and other fishery products [M1140]",millions,0.0,
2008,Nova Scotia,To Alberta,"Fish, crustaceans, shellfish and other fishery products [M1140]",millions,1.8,
2008,Nova Scotia,To British Columbia,"Fish, crustaceans, shellfish and other fishery products [M1140]",millions,0.0,
2008,Nova Scotia,Interprovincial exports,"Fish, crustaceans, shellfish and other fishery products [M1140]",millions,161.0,
2008,Nova Scotia,Interprovincial imports,"Fish, crustaceans, shellfish and other fishery products [M1140]",millions,49.3,
2008,Nova Scotia,International exports,"Fish, crustaceans, shellfish and other fishery products [M1140]",millions,252.2,
2008,Nova Scotia,International imports,"Fish, crustaceans, shellfish and other fishery products [M1140]",millions,3.1,
2008,New Brunswick,Total supply,"Fish, crustaceans, shellfish and other fishery products [M1140]",millions,350.2,
2008,New Brunswick,Total demand,"Fish, crustaceans, shellfish and other fishery products [M1140]",millions,281.8,
2008,New Brunswick,To Newfoundland and Labrador,"Fish, crustaceans, shellfish and other fishery products [M1140]",millions,3.5,
2008,New Brunswick,To Prince Edward Island,"Fish, crustaceans, shellfish and other fishery products [M1140]",millions,13.2,
2008,New Brunswick,To Nova Scotia,"Fish, crustaceans, shellfish and other fishery products [M1140]",millions,8.1,
2008,New Brunswick,To New Brunswick,"Fish, crustaceans, shellfish and other fishery products [M1140]",millions,25.8,
2008,New Brunswick,To Quebec,"Fish, crustaceans, shellfish and other fishery products [M1140]",millions,13.3,
2008,New Brunswick,To Ontario,"Fish, crustaceans, shellfish and other fishery products [M1140]",millions,2.3,
2008,New Brunswick,To Manitoba,"Fish, crustaceans, shellfish and other fishery products [M1140]",millions,0.2,
2008,New Brunswick,To Saskatchewan,"Fish, crustaceans, shellfish and other fishery products [M1140]",millions,0.0,
2008,New Brunswick,To Alberta,"Fish, crustaceans, shellfish and other fishery products [M1140]",millions,0.1,
2008,New Brunswick,To British Columbia,"Fish, crustaceans, shellfish and other fishery products [M1140]",millions,0.0,
2008,New Brunswick,Interprovincial exports,"Fish, crustaceans, shellfish and other fishery products [M1140]",millions,40.7,
2008,New Brunswick,Interprovincial imports,"Fish, crustaceans, shellfish and other fishery products [M1140]",millions,161.3,
2008,New Brunswick,International exports,"Fish, crustaceans, shellfish and other fishery products [M1140]",millions,215.3,
2008,New Brunswick,International imports,"Fish, crustaceans, shellfish and other fishery products [M1140]",millions,163.2,
2008,Quebec,Total supply,"Fish, crustaceans, shellfish and other fishery products [M1140]",millions,280.4,
2008,Quebec,Total demand,"Fish, crustaceans, shellfish and other fishery products [M1140]",millions,0.0,
2008,Quebec,To Newfoundland and Labrador,"Fish, crustaceans, shellfish and other fishery products [M1140]",millions,0.0,
2008,Quebec,To Prince Edward Island,"Fish, crustaceans, shellfish and other fishery products [M1140]",millions,0.0,
2008,Quebec,To Nova Scotia,"Fish, crustaceans, shellfish and other fishery products [M1140]",millions,0.0,
2008,Quebec,To Quebec,"Fish, crustaceans, shellfish and other fishery products [M1140]",millions,0.0,
2008,Quebec,To Ontario,"Fish, crustaceans, shellfish and other fishery products [M1140]",millions,0.0,
2008,Quebec,To Manitoba,"Fish, crustaceans, shellfish and other fishery products [M1140]",millions,0.0,
2008,Quebec,To Saskatchewan,"Fish, crustaceans, shellfish and other fishery products [M1140]",millions,0.0,
2008,Quebec,To Alberta,"Fish, crustaceans, shellfish and other fishery products [M1140]",millions,0.0,
2008,Quebec,To British Columbia,"Fish, crustaceans, shellfish and other fishery products [M1140]",millions,0.0,
2008,Quebec,Interprovincial exports,"Fish, crustaceans, shellfish and other fishery products [M1140]",millions,0.0,
2008,Quebec,Interprovincial imports,"Fish, crustaceans, shellfish and other fishery products [M1140]",millions,102.9,
2008,Quebec,International exports,"Fish, crustaceans, shellfish and other fishery products [M1140]",millions,0.0,
2008,Quebec,International imports,"Fish, crustaceans, shellfish and other fishery products [M1140]",millions,56.2,
2008,Ontario,Total supply,"Fish, crustaceans, shellfish and other fishery products [M1140]",millions,281.2,
2008,Ontario,Total demand,"Fish, crustaceans, shellfish and other fishery products [M1140]",millions,0.0,
2008,Ontario,To Nova Scotia,"Fish, crustaceans, shellfish and other fishery products [M1140]",millions,0.0,
2008,Ontario,To New Brunswick,"Fish, crustaceans, shellfish and other fishery products [M1140]",millions,0.0,
2008,Ontario,To Quebec,"Fish, crustaceans, shellfish and other fishery products [M1140]",millions,0.0,
2008,Ontario,To Ontario,"Fish, crustaceans, shellfish and other fishery products [M1140]",millions,0.0,
2008,Ontario,To Manitoba,"Fish, crustaceans, shellfish and other fishery products [M1140]",millions,0.0,
2008,Ontario,To Saskatchewan,"Fish, crustaceans, shellfish and other fishery products [M1140]",millions,0.0,
2008,Ontario,To Alberta,"Fish, crustaceans, shellfish and other fishery products [M1140]",millions,0.0,
2008,Ontario,To British Columbia,"Fish, crustaceans, shellfish and other fishery products [M1140]",millions,0.0,
2008,Ontario,To Northwest Territories,"Fish, crustaceans, shellfish and other fishery products [M1140]",millions,0.0,
2008,Ontario,Interprovincial exports,"Fish, crustaceans, shellfish and other fishery products [M1140]",millions,0.0,
2008,Ontario,Interprovincial imports,"Fish, crustaceans, shellfish and other fishery products [M1140]",millions,55.5,
2008,Ontario,International exports,"Fish, crustaceans, shellfish and other fishery products [M1140]",millions,0.0,
2008,Ontario,International imports,"Fish, crustaceans, shellfish and other fishery products [M1140]",millions,177.7,
2008,Manitoba,Total supply,"Fish, crustaceans, shellfish and other fishery products [M1140]",millions,48.3,
2008,Manitoba,Total demand,"Fish, crustaceans, shellfish and other fishery products [M1140]",millions,0.0,
2008,Manitoba,To Newfoundland and Labrador,"Fish, crustaceans, shellfish and other fishery products [M1140]",millions,0.0,
2008,Manitoba,To Nova Scotia,"Fish, crustaceans, shellfish and other fishery products [M1140]",millions,0.0,
2008,Manitoba,To New Brunswick,"Fish, crustaceans, shellfish and other fishery products [M1140]",millions,0.0,
2008,Manitoba,To Quebec,"Fish, crustaceans, shellfish and other fishery products [M1140]",millions,0.0,
2008,Manitoba,To Ontario,"Fish, crustaceans, shellfish and other fishery products [M1140]",millions,0.0,
2008,Manitoba,To Manitoba,"Fish, crustaceans, shellfish and other fishery products [M1140]",millions,0.0,
2008,Manitoba,To Saskatchewan,"Fish, crustaceans, shellfish and other fishery products [M1140]",millions,0.0,
2008,Manitoba,To Alberta,"Fish, crustaceans, shellfish and other fishery products [M1140]",millions,0.0,
2008,Manitoba,To British Columbia,"Fish, crustaceans, shellfish and other fishery products [M1140]",millions,0.0,
2008,Manitoba,Interprovincial exports,"Fish, crustaceans, shellfish and other fishery products [M1140]",millions,0.0,
2008,Manitoba,Interprovincial imports,"Fish, crustaceans, shellfish and other fishery products [M1140]",millions,22.2,
2008,Manitoba,International exports,"Fish, crustaceans, shellfish and other fishery products [M1140]",millions,0.0,
2008,Manitoba,International imports,"Fish, crustaceans, shellfish and other fishery products [M1140]",millions,0.0,
2008,Saskatchewan,Total supply,"Fish, crustaceans, shellfish and other fishery products [M1140]",millions,0.0,
2008,Saskatchewan,Interprovincial imports,"Fish, crustaceans, shellfish and other fishery products [M1140]",millions,0.0,
2008,Alberta,Total supply,"Fish, crustaceans, shellfish and other fishery products [M1140]",millions,0.0,
2008,Alberta,Interprovincial imports,"Fish, crustaceans, shellfish and other fishery products [M1140]",millions,21.3,
2008,Alberta,International imports,"Fish, crustaceans, shellfish and other fishery products [M1140]",millions,0.0,
2008,British Columbia,Total supply,"Fish, crustaceans, shellfish and other fishery products [M1140]",millions,388.7,
2008,British Columbia,Total demand,"Fish, crustaceans, shellfish and other fishery products [M1140]",millions,774.8,
2008,British Columbia,To Newfoundland and Labrador,"Fish, crustaceans, shellfish and other fishery products [M1140]",millions,0.5,
2008,British Columbia,To Prince Edward Island,"Fish, crustaceans, shellfish and other fishery products [M1140]",millions,0.0,
2008,British Columbia,To Nova Scotia,"Fish, crustaceans, shellfish and other fishery products [M1140]",millions,5.3,
2008,British Columbia,To New Brunswick,"Fish, crustaceans, shellfish and other fishery products [M1140]",millions,15.0,
2008,British Columbia,To Quebec,"Fish, crustaceans, shellfish and other fishery products [M1140]",millions,22.4,
2008,British Columbia,To Ontario,"Fish, crustaceans, shellfish and other fishery products [M1140]",millions,47.0,
2008,British Columbia,To Manitoba,"Fish, crustaceans, shellfish and other fishery products [M1140]",millions,14.2,
2008,British Columbia,To Saskatchewan,"Fish, crustaceans, shellfish and other fishery products [M1140]",millions,2.6,
2008,British Columbia,To Alberta,"Fish, crustaceans, shellfish and other fishery products [M1140]",millions,16.7,
2008,British Columbia,To British Columbia,"Fish, crustaceans, shellfish and other fishery products [M1140]",millions,217.6,
2008,British Columbia,To Yukon,"Fish, crustaceans, shellfish and other fishery products [M1140]",millions,0.0,
2008,British Columbia,To Northwest Territories,"Fish, crustaceans, shellfish and other fishery products [M1140]",millions,0.1,
2008,British Columbia,Interprovincial exports,"Fish, crustaceans, shellfish and other fishery products [M1140]",millions,123.9,
2008,British Columbia,Interprovincial imports,"Fish, crustaceans, shellfish and other fishery products [M1140]",millions,1.1,
2008,British Columbia,International exports,"Fish, crustaceans, shellfish and other fishery products [M1140]",millions,433.3,
2008,British Columbia,International imports,"Fish, crustaceans, shellfish and other fishery products [M1140]",millions,170.0,
2008,Yukon,Total supply,"Fish, crustaceans, shellfish and other fishery products [M1140]",millions,0.0,
2008,Yukon,Interprovincial imports,"Fish, crustaceans, shellfish and other fishery products [M1140]",millions,0.0,
2008,Northwest Territories,Total supply,"Fish, crustaceans, shellfish and other fishery products [M1140]",millions,0.0,
2008,Northwest Territories,Interprovincial imports,"Fish, crustaceans, shellfish and other fishery products [M1140]",millions,0.0,
2008,Nunavut,Total demand,"Fish, crustaceans, shellfish and other fishery products [M1140]",millions,3.5,
2008,Nunavut,To Ontario,"Fish, crustaceans, shellfish and other fishery products [M1140]",millions,0.0,
2008,Nunavut,To Manitoba,"Fish, crustaceans, shellfish and other fishery products [M1140]",millions,2.6,
2008,Nunavut,To Alberta,"Fish, crustaceans, shellfish and other fishery products [M1140]",millions,0.0,
2008,Nunavut,To Northwest Territories,"Fish, crustaceans, shellfish and other fishery products [M1140]",millions,0.0,
2008,Nunavut,To Nunavut,"Fish, crustaceans, shellfish and other fishery products [M1140]",millions,0.0,
2008,Nunavut,Interprovincial exports,"Fish, crustaceans, shellfish and other fishery products [M1140]",millions,2.6,
2008,Nunavut,International exports,"Fish, crustaceans, shellfish and other fishery products [M1140]",millions,0.0,
2009,Canada,Total supply and total demand,"Fish, crustaceans, shellfish and other fishery products [M1140]",millions,3686.7,
2009,Canada,Interprovincial exports,"Fish, crustaceans, shellfish and other fishery products [M1140]",millions,769.3,
2009,Canada,Interprovincial imports,"Fish, crustaceans, shellfish and other fishery products [M1140]",millions,769.3,
2009,Canada,International exports,"Fish, crustaceans, shellfish and other fishery products [M1140]",millions,1304.9,
2009,Canada,International re-exports,"Fish, crustaceans, shellfish and other fishery products [M1140]",millions,10.1,
2009,Canada,International imports,"Fish, crustaceans, shellfish and other fishery products [M1140]",millions,637.9,
2009,Newfoundland and Labrador,Total supply,"Fish, crustaceans, shellfish and other fishery products [M1140]",millions,343.2,
2009,Newfoundland and Labrador,Total demand,"Fish, crustaceans, shellfish and other fishery products [M1140]",millions,607.3,
2009,Newfoundland and Labrador,To Newfoundland and Labrador,"Fish, crustaceans, shellfish and other fishery products [M1140]",millions,214.3,
2009,Newfoundland and Labrador,To Prince Edward Island,"Fish, crustaceans, shellfish and other fishery products [M1140]",millions,0.8,
2009,Newfoundland and Labrador,To Nova Scotia,"Fish, crustaceans, shellfish and other fishery products [M1140]",millions,52.0,
2009,Newfoundland and Labrador,To New Brunswick,"Fish, crustaceans, shellfish and other fishery products [M1140]",millions,7.1,
2009,Newfoundland and Labrador,To Quebec,"Fish, crustaceans, shellfish and other fishery products [M1140]",millions,25.4,
2009,Newfoundland and Labrador,To Ontario,"Fish, crustaceans, shellfish and other fishery products [M1140]",millions,25.0,
2009,Newfoundland and Labrador,To Manitoba,"Fish, crustaceans, shellfish and other fishery products [M1140]",millions,2.6,
2009,Newfoundland and Labrador,To Saskatchewan,"Fish, crustaceans, shellfish and other fishery products [M1140]",millions,0.6,
2009,Newfoundland and Labrador,To Alberta,"Fish, crustaceans, shellfish and other fishery products [M1140]",millions,3.6,
2009,Newfoundland and Labrador,To British Columbia,"Fish, crustaceans, shellfish and other fishery products [M1140]",millions,3.3,
2009,Newfoundland and Labrador,To Yukon,"Fish, crustaceans, shellfish and other fishery products [M1140]",millions,0.1,
2009,Newfoundland and Labrador,Interprovincial exports,"Fish, crustaceans, shellfish and other fishery products [M1140]",millions,120.4,
2009,Newfoundland and Labrador,Interprovincial imports,"Fish, crustaceans, shellfish and other fishery products [M1140]",millions,78.3,
2009,Newfoundland and Labrador,International exports,"Fish, crustaceans, shellfish and other fishery products [M1140]",millions,272.6,
2009,Newfoundland and Labrador,International imports,"Fish, crustaceans, shellfish and other fishery products [M1140]",millions,50.6,
2009,Prince Edward Island,Total supply,"Fish, crustaceans, shellfish and other fishery products [M1140]",millions,125.1,
2009,Prince Edward Island,Total demand,"Fish, crustaceans, shellfish and other fishery products [M1140]",millions,133.4,
2009,Prince Edward Island,To Newfoundland and Labrador,"Fish, crustaceans, shellfish and other fishery products [M1140]",millions,0.0,
2009,Prince Edward Island,To Prince Edward Island,"Fish, crustaceans, shellfish and other fishery products [M1140]",millions,112.2,
2009,Prince Edward Island,To Nova Scotia,"Fish, crustaceans, shellfish and other fishery products [M1140]",millions,2.0,
2009,Prince Edward Island,To New Brunswick,"Fish, crustaceans, shellfish and other fishery products [M1140]",millions,1.9,
2009,Prince Edward Island,To Quebec,"Fish, crustaceans, shellfish and other fishery products [M1140]",millions,1.3,
2009,Prince Edward Island,To Ontario,"Fish, crustaceans, shellfish and other fishery products [M1140]",millions,0.9,
2009,Prince Edward Island,To Manitoba,"Fish, crustaceans, shellfish and other fishery products [M1140]",millions,0.4,
2009,Prince Edward Island,To Alberta,"Fish, crustaceans, shellfish and other fishery products [M1140]",millions,0.2,
2009,Prince Edward Island,Interprovincial exports,"Fish, crustaceans, shellfish and other fishery products [M1140]",millions,6.5,
2009,Prince Edward Island,Interprovincial imports,"Fish, crustaceans, shellfish and other fishery products [M1140]",millions,6.8,
2009,Prince Edward Island,International exports,"Fish, crustaceans, shellfish and other fishery products [M1140]",millions,14.6,
2009,Prince Edward Island,International imports,"Fish, crustaceans, shellfish and other fishery products [M1140]",millions,6.1,
2009,Nova Scotia,Total supply,"Fish, crustaceans, shellfish and other fishery products [M1140]",millions,368.1,
2009,Nova Scotia,Total demand,"Fish, crustaceans, shellfish and other fishery products [M1140]",millions,720.1,
2009,Nova Scotia,To Newfoundland and Labrador,"Fish, crustaceans, shellfish and other fishery products [M1140]",millions,33.0,
2009,Nova Scotia,To Prince Edward Island,"Fish, crustaceans, shellfish and other fishery products [M1140]",millions,4.1,
2009,Nova Scotia,To Nova Scotia,"Fish, crustaceans, shellfish and other fishery products [M1140]",millions,267.3,
2009,Nova Scotia,To New Brunswick,"Fish, crustaceans, shellfish and other fishery products [M1140]",millions,85.6,
2009,Nova Scotia,To Quebec,"Fish, crustaceans, shellfish and other fishery products [M1140]",millions,29.9,
2009,Nova Scotia,To Ontario,"Fish, crustaceans, shellfish and other fishery products [M1140]",millions,57.5,
2009,Nova Scotia,To Manitoba,"Fish, crustaceans, shellfish and other fishery products [M1140]",millions,0.8,
2009,Nova Scotia,To Saskatchewan,"Fish, crustaceans, shellfish and other fishery products [M1140]",millions,0.1,
2009,Nova Scotia,To Alberta,"Fish, crustaceans, shellfish and other fishery products [M1140]",millions,6.8,
2009,Nova Scotia,To British Columbia,"Fish, crustaceans, shellfish and other fishery products [M1140]",millions,6.4,
2009,Nova Scotia,Interprovincial exports,"Fish, crustaceans, shellfish and other fishery products [M1140]",millions,224.2,
2009,Nova Scotia,Interprovincial imports,"Fish, crustaceans, shellfish and other fishery products [M1140]",millions,96.6,
2009,Nova Scotia,International exports,"Fish, crustaceans, shellfish and other fishery products [M1140]",millions,228.6,
2009,Nova Scotia,International imports,"Fish, crustaceans, shellfish and other fishery products [M1140]",millions,4.2,
2009,New Brunswick,Total supply,"Fish, crustaceans, shellfish and other fishery products [M1140]",millions,422.1,
2009,New Brunswick,Total demand,"Fish, crustaceans, shellfish and other fishery products [M1140]",millions,488.1,
2009,New Brunswick,To Newfoundland and Labrador,"Fish, crustaceans, shellfish and other fishery products [M1140]",millions,44.6,
2009,New Brunswick,To Prince Edward Island,"Fish, crustaceans, shellfish and other fishery products [M1140]",millions,1.6,
2009,New Brunswick,To Nova Scotia,"Fish, crustaceans, shellfish and other fishery products [M1140]",millions,22.6,
2009,New Brunswick,To New Brunswick,"Fish, crustaceans, shellfish and other fishery products [M1140]",millions,99.9,
2009,New Brunswick,To Quebec,"Fish, crustaceans, shellfish and other fishery products [M1140]",millions,77.2,
2009,New Brunswick,To Ontario,"Fish, crustaceans, shellfish and other fishery products [M1140]",millions,30.0,
2009,New Brunswick,To Manitoba,"Fish, crustaceans, shellfish and other fishery products [M1140]",millions,3.8,
2009,New Brunswick,To Saskatchewan,"Fish, crustaceans, shellfish and other fishery products [M1140]",millions,0.1,
2009,New Brunswick,To Alberta,"Fish, crustaceans, shellfish and other fishery products [M1140]",millions,1.1,
2009,New Brunswick,To British Columbia,"Fish, crustaceans, shellfish and other fishery products [M1140]",millions,0.5,
2009,New Brunswick,Interprovincial exports,"Fish, crustaceans, shellfish and other fishery products [M1140]",millions,181.5,
2009,New Brunswick,Interprovincial imports,"Fish, crustaceans, shellfish and other fishery products [M1140]",millions,101.8,
2009,New Brunswick,International exports,"Fish, crustaceans, shellfish and other fishery products [M1140]",millions,206.7,
2009,New Brunswick,International imports,"Fish, crustaceans, shellfish and other fishery products [M1140]",millions,220.4,
2009,Quebec,Total supply,"Fish, crustaceans, shellfish and other fishery products [M1140]",millions,324.3,
2009,Quebec,Total demand,"Fish, crustaceans, shellfish and other fishery products [M1140]",millions,193.4,
2009,Quebec,To Newfoundland and Labrador,"Fish, crustaceans, shellfish and other fishery products [M1140]",millions,0.3,
2009,Quebec,To Prince Edward Island,"Fish, crustaceans, shellfish and other fishery products [M1140]",millions,0.2,
2009,Quebec,To Nova Scotia,"Fish, crustaceans, shellfish and other fishery products [M1140]",millions,3.0,
2009,Quebec,To Quebec,"Fish, crustaceans, shellfish and other fishery products [M1140]",millions,77.0,
2009,Quebec,To Ontario,"Fish, crustaceans, shellfish and other fishery products [M1140]",millions,32.8,
2009,Quebec,To Manitoba,"Fish, crustaceans, shellfish and other fishery products [M1140]",millions,3.4,
2009,Quebec,To Saskatchewan,"Fish, crustaceans, shellfish and other fishery products [M1140]",millions,1.9,
2009,Quebec,To Alberta,"Fish, crustaceans, shellfish and other fishery products [M1140]",millions,19.1,
2009,Quebec,To British Columbia,"Fish, crustaceans, shellfish and other fishery products [M1140]",millions,3.5,
2009,Quebec,Interprovincial exports,"Fish, crustaceans, shellfish and other fishery products [M1140]",millions,64.1,
2009,Quebec,Interprovincial imports,"Fish, crustaceans, shellfish and other fishery products [M1140]",millions,180.3,
2009,Quebec,International exports,"Fish, crustaceans, shellfish and other fishery products [M1140]",millions,52.3,
2009,Quebec,International imports,"Fish, crustaceans, shellfish and other fishery products [M1140]",millions,67.1,
2009,Ontario,Total supply,"Fish, crustaceans, shellfish and other fishery products [M1140]",millions,351.1,
2009,Ontario,Total demand,"Fish, crustaceans, shellfish and other fishery products [M1140]",millions,96.6,
2009,Ontario,To Nova Scotia,"Fish, crustaceans, shellfish and other fishery products [M1140]",millions,7.4,
2009,Ontario,To New Brunswick,"Fish, crustaceans, shellfish and other fishery products [M1140]",millions,0.9,
2009,Ontario,To Quebec,"Fish, crustaceans, shellfish and other fishery products [M1140]",millions,9.2,
2009,Ontario,To Ontario,"Fish, crustaceans, shellfish and other fishery products [M1140]",millions,30.1,
2009,Ontario,To Manitoba,"Fish, crustaceans, shellfish and other fishery products [M1140]",millions,2.2,
2009,Ontario,To Saskatchewan,"Fish, crustaceans, shellfish and other fishery products [M1140]",millions,1.4,
2009,Ontario,To Alberta,"Fish, crustaceans, shellfish and other fishery products [M1140]",millions,3.3,
2009,Ontario,To British Columbia,"Fish, crustaceans, shellfish and other fishery products [M1140]",millions,0.0,
2009,Ontario,To Northwest Territories,"Fish, crustaceans, shellfish and other fishery products [M1140]",millions,0.0,
2009,Ontario,Interprovincial exports,"Fish, crustaceans, shellfish and other fishery products [M1140]",millions,26.3,
2009,Ontario,Interprovincial imports,"Fish, crustaceans, shellfish and other fishery products [M1140]",millions,183.3,
2009,Ontario,International exports,"Fish, crustaceans, shellfish and other fishery products [M1140]",millions,40.2,
2009,Ontario,International imports,"Fish, crustaceans, shellfish and other fishery products [M1140]",millions,137.7,
2009,Manitoba,Total supply,"Fish, crustaceans, shellfish and other fishery products [M1140]",millions,0.0,
2009,Manitoba,Total demand,"Fish, crustaceans, shellfish and other fishery products [M1140]",millions,89.4,
2009,Manitoba,To Newfoundland and Labrador,"Fish, crustaceans, shellfish and other fishery products [M1140]",millions,0.0,
2009,Manitoba,To Nova Scotia,"Fish, crustaceans, shellfish and other fishery products [M1140]",millions,6.8,
2009,Manitoba,To New Brunswick,"Fish, crustaceans, shellfish and other fishery products [M1140]",millions,1.3,
2009,Manitoba,To Quebec,"Fish, crustaceans, shellfish and other fishery products [M1140]",millions,4.2,
2009,Manitoba,To Ontario,"Fish, crustaceans, shellfish and other fishery products [M1140]",millions,5.5,
2009,Manitoba,To Manitoba,"Fish, crustaceans, shellfish and other fishery products [M1140]",millions,19.5,
2009,Manitoba,To Saskatchewan,"Fish, crustaceans, shellfish and other fishery products [M1140]",millions,0.5,
2009,Manitoba,To Alberta,"Fish, crustaceans, shellfish and other fishery products [M1140]",millions,0.9,
2009,Manitoba,To British Columbia,"Fish, crustaceans, shellfish and other fishery products [M1140]",millions,0.6,
2009,Manitoba,Interprovincial exports,"Fish, crustaceans, shellfish and other fishery products [M1140]",millions,19.7,
2009,Manitoba,Interprovincial imports,"Fish, crustaceans, shellfish and other fishery products [M1140]",millions,30.4,
2009,Manitoba,International exports,"Fish, crustaceans, shellfish and other fishery products [M1140]",millions,50.3,
2009,Manitoba,International imports,"Fish, crustaceans, shellfish and other fishery products [M1140]",millions,0.0,
2009,Saskatchewan,Total supply,"Fish, crustaceans, shellfish and other fishery products [M1140]",millions,0.0,
2009,Saskatchewan,Interprovincial imports,"Fish, crustaceans, shellfish and other fishery products [M1140]",millions,5.4,
2009,Alberta,Total supply,"Fish, crustaceans, shellfish and other fishery products [M1140]",millions,0.0,
2009,Alberta,Interprovincial imports,"Fish, crustaceans, shellfish and other fishery products [M1140]",millions,49.1,
2009,Alberta,International imports,"Fish, crustaceans, shellfish and other fishery products [M1140]",millions,0.0,
2009,British Columbia,Total supply,"Fish, crustaceans, shellfish and other fishery products [M1140]",millions,310.6,
2009,British Columbia,Total demand,"Fish, crustaceans, shellfish and other fishery products [M1140]",millions,675.0,
2009,British Columbia,To Newfoundland and Labrador,"Fish, crustaceans, shellfish and other fishery products [M1140]",millions,0.4,
2009,British Columbia,To Prince Edward Island,"Fish, crustaceans, shellfish and other fishery products [M1140]",millions,0.1,
2009,British Columbia,To Nova Scotia,"Fish, crustaceans, shellfish and other fishery products [M1140]",millions,2.8,
2009,British Columbia,To New Brunswick,"Fish, crustaceans, shellfish and other fishery products [M1140]",millions,4.7,
2009,British Columbia,To Quebec,"Fish, crustaceans, shellfish and other fishery products [M1140]",millions,31.9,
2009,British Columbia,To Ontario,"Fish, crustaceans, shellfish and other fishery products [M1140]",millions,29.0,
2009,British Columbia,To Manitoba,"Fish, crustaceans, shellfish and other fishery products [M1140]",millions,15.2,
2009,British Columbia,To Saskatchewan,"Fish, crustaceans, shellfish and other fishery products [M1140]",millions,0.8,
2009,British Columbia,To Alberta,"Fish, crustaceans, shellfish and other fishery products [M1140]",millions,13.8,
2009,British Columbia,To British Columbia,"Fish, crustaceans, shellfish and other fishery products [M1140]",millions,146.2,
2009,British Columbia,To Yukon,"Fish, crustaceans, shellfish and other fishery products [M1140]",millions,0.1,
2009,British Columbia,To Northwest Territories,"Fish, crustaceans, shellfish and other fishery products [M1140]",millions,0.0,
2009,British Columbia,Interprovincial exports,"Fish, crustaceans, shellfish and other fishery products [M1140]",millions,98.8,
2009,British Columbia,Interprovincial imports,"Fish, crustaceans, shellfish and other fishery products [M1140]",millions,36.4,
2009,British Columbia,International exports,"Fish, crustaceans, shellfish and other fishery products [M1140]",millions,429.9,
2009,British Columbia,International imports,"Fish, crustaceans, shellfish and other fishery products [M1140]",millions,128.0,
2009,Yukon,Total supply,"Fish, crustaceans, shellfish and other fishery products [M1140]",millions,0.0,
2009,Yukon,Interprovincial imports,"Fish, crustaceans, shellfish and other fishery products [M1140]",millions,0.1,
2009,Northwest Territories,Total supply,"Fish, crustaceans, shellfish and other fishery products [M1140]",millions,0.0,
2009,Northwest Territories,Interprovincial imports,"Fish, crustaceans, shellfish and other fishery products [M1140]",millions,0.0,
2009,Nunavut,Total demand,"Fish, crustaceans, shellfish and other fishery products [M1140]",millions,4.1,
2009,Nunavut,To Ontario,"Fish, crustaceans, shellfish and other fishery products [M1140]",millions,0.1,
2009,Nunavut,To Manitoba,"Fish, crustaceans, shellfish and other fishery products [M1140]",millions,0.0,
2009,Nunavut,To Alberta,"Fish, crustaceans, shellfish and other fishery products [M1140]",millions,0.3,
2009,Nunavut,To Northwest Territories,"Fish, crustaceans, shellfish and other fishery products [M1140]",millions,0.0,
2009,Nunavut,To Nunavut,"Fish, crustaceans, shellfish and other fishery products [M1140]",millions,0.0,
2009,Nunavut,Interprovincial exports,"Fish, crustaceans, shellfish and other fishery products [M1140]",millions,0.0,
2009,Nunavut,International exports,"Fish, crustaceans, shellfish and other fishery products [M1140]",millions,0.0,
2010,Canada,Total supply and total demand,"Fish, crustaceans, shellfish and other fishery products [M1140]",millions,4303.1,
2010,Canada,Interprovincial exports,"Fish, crustaceans, shellfish and other fishery products [M1140]",millions,906.8,
2010,Canada,Interprovincial imports,"Fish, crustaceans, shellfish and other fishery products [M1140]",millions,906.8,
2010,Canada,International exports,"Fish, crustaceans, shellfish and other fishery products [M1140]",millions,1519.7,
2010,Canada,International re-exports,"Fish, crustaceans, shellfish and other fishery products [M1140]",millions,15.5,
2010,Canada,International imports,"Fish, crustaceans, shellfish and other fishery products [M1140]",millions,694.8,
2010,Newfoundland and Labrador,Total supply,"Fish, crustaceans, shellfish and other fishery products [M1140]",millions,400.2,
2010,Newfoundland and Labrador,Total demand,"Fish, crustaceans, shellfish and other fishery products [M1140]",millions,755.3,
2010,Newfoundland and Labrador,To Newfoundland and Labrador,"Fish, crustaceans, shellfish and other fishery products [M1140]",millions,319.4,
2010,Newfoundland and Labrador,To Prince Edward Island,"Fish, crustaceans, shellfish and other fishery products [M1140]",millions,3.0,
2010,Newfoundland and Labrador,To Nova Scotia,"Fish, crustaceans, shellfish and other fishery products [M1140]",millions,122.0,
2010,Newfoundland and Labrador,To New Brunswick,"Fish, crustaceans, shellfish and other fishery products [M1140]",millions,26.0,
2010,Newfoundland and Labrador,To Quebec,"Fish, crustaceans, shellfish and other fishery products [M1140]",millions,59.8,
2010,Newfoundland and Labrador,To Ontario,"Fish, crustaceans, shellfish and other fishery products [M1140]",millions,62.9,
2010,Newfoundland and Labrador,To Manitoba,"Fish, crustaceans, shellfish and other fishery products [M1140]",millions,10.9,
2010,Newfoundland and Labrador,To Saskatchewan,"Fish, crustaceans, shellfish and other fishery products [M1140]",millions,2.2,
2010,Newfoundland and Labrador,To Alberta,"Fish, crustaceans, shellfish and other fishery products [M1140]",millions,7.5,
2010,Newfoundland and Labrador,To British Columbia,"Fish, crustaceans, shellfish and other fishery products [M1140]",millions,21.4,
2010,Newfoundland and Labrador,To Yukon,"Fish, crustaceans, shellfish and other fishery products [M1140]",millions,0.3,
2010,Newfoundland and Labrador,Interprovincial exports,"Fish, crustaceans, shellfish and other fishery products [M1140]",millions,316.1,
2010,Newfoundland and Labrador,Interprovincial imports,"Fish, crustaceans, shellfish and other fishery products [M1140]",millions,48.5,
2010,Newfoundland and Labrador,International exports,"Fish, crustaceans, shellfish and other fishery products [M1140]",millions,119.8,
2010,Newfoundland and Labrador,International imports,"Fish, crustaceans, shellfish and other fishery products [M1140]",millions,32.3,
2010,Prince Edward Island,Total supply,"Fish, crustaceans, shellfish and other fishery products [M1140]",millions,127.0,
2010,Prince Edward Island,Total demand,"Fish, crustaceans, shellfish and other fishery products [M1140]",millions,157.7,
2010,Prince Edward Island,To Newfoundland and Labrador,"Fish, crustaceans, shellfish and other fishery products [M1140]",millions,0.0,
2010,Prince Edward Island,To Prince Edward Island,"Fish, crustaceans, shellfish and other fishery products [M1140]",millions,100.3,
2010,Prince Edward Island,To Nova Scotia,"Fish, crustaceans, shellfish and other fishery products [M1140]",millions,1.3,
2010,Prince Edward Island,To New Brunswick,"Fish, crustaceans, shellfish and other fishery products [M1140]",millions,1.0,
2010,Prince Edward Island,To Quebec,"Fish, crustaceans, shellfish and other fishery products [M1140]",millions,0.8,
2010,Prince Edward Island,To Ontario,"Fish, crustaceans, shellfish and other fishery products [M1140]",millions,0.7,
2010,Prince Edward Island,To Manitoba,"Fish, crustaceans, shellfish and other fishery products [M1140]",millions,0.1,
2010,Prince Edward Island,To Saskatchewan,"Fish, crustaceans, shellfish and other fishery products [M1140]",millions,0.0,
2010,Prince Edward Island,To Alberta,"Fish, crustaceans, shellfish and other fishery products [M1140]",millions,0.1,
2010,Prince Edward Island,Interprovincial exports,"Fish, crustaceans, shellfish and other fishery products [M1140]",millions,3.9,
2010,Prince Edward Island,Interprovincial imports,"Fish, crustaceans, shellfish and other fishery products [M1140]",millions,12.8,
2010,Prince Edward Island,International exports,"Fish, crustaceans, shellfish and other fishery products [M1140]",millions,53.5,
2010,Prince Edward Island,International imports,"Fish, crustaceans, shellfish and other fishery products [M1140]",millions,13.9,
2010,Nova Scotia,Total supply,"Fish, crustaceans, shellfish and other fishery products [M1140]",millions,401.9,
2010,Nova Scotia,Total demand,"Fish, crustaceans, shellfish and other fishery products [M1140]",millions,801.4,
2010,Nova Scotia,To Newfoundland and Labrador,"Fish, crustaceans, shellfish and other fishery products [M1140]",millions,15.1,
2010,Nova Scotia,To Prince Edward Island,"Fish, crustaceans, shellfish and other fishery products [M1140]",millions,5.8,
2010,Nova Scotia,To Nova Scotia,"Fish, crustaceans, shellfish and other fishery products [M1140]",millions,240.5,
2010,Nova Scotia,To New Brunswick,"Fish, crustaceans, shellfish and other fishery products [M1140]",millions,66.0,
2010,Nova Scotia,To Quebec,"Fish, crustaceans, shellfish and other fishery products [M1140]",millions,25.9,
2010,Nova Scotia,To Ontario,"Fish, crustaceans, shellfish and other fishery products [M1140]",millions,45.3,
2010,Nova Scotia,To Manitoba,"Fish, crustaceans, shellfish and other fishery products [M1140]",millions,0.4,
2010,Nova Scotia,To Saskatchewan,"Fish, crustaceans, shellfish and other fishery products [M1140]",millions,0.1,
2010,Nova Scotia,To Alberta,"Fish, crustaceans, shellfish and other fishery products [M1140]",millions,4.1,
2010,Nova Scotia,To British Columbia,"Fish, crustaceans, shellfish and other fishery products [M1140]",millions,5.6,
2010,Nova Scotia,Interprovincial exports,"Fish, crustaceans, shellfish and other fishery products [M1140]",millions,168.4,
2010,Nova Scotia,Interprovincial imports,"Fish, crustaceans, shellfish and other fishery products [M1140]",millions,156.6,
2010,Nova Scotia,International exports,"Fish, crustaceans, shellfish and other fishery products [M1140]",millions,392.6,
2010,Nova Scotia,International imports,"Fish, crustaceans, shellfish and other fishery products [M1140]",millions,4.8,
2010,New Brunswick,Total supply,"Fish, crustaceans, shellfish and other fishery products [M1140]",millions,532.0,
2010,New Brunswick,Total demand,"Fish, crustaceans, shellfish and other fishery products [M1140]",millions,629.6,
2010,New Brunswick,To Newfoundland and Labrador,"Fish, crustaceans, shellfish and other fishery products [M1140]",millions,32.9,
2010,New Brunswick,To Prince Edward Island,"Fish, crustaceans, shellfish and other fishery products [M1140]",millions,3.2,
2010,New Brunswick,To Nova Scotia,"Fish, crustaceans, shellfish and other fishery products [M1140]",millions,22.5,
2010,New Brunswick,To New Brunswick,"Fish, crustaceans, shellfish and other fishery products [M1140]",millions,196.0,
2010,New Brunswick,To Quebec,"Fish, crustaceans, shellfish and other fishery products [M1140]",millions,101.5,
2010,New Brunswick,To Ontario,"Fish, crustaceans, shellfish and other fishery products [M1140]",millions,58.3,
2010,New Brunswick,To Manitoba,"Fish, crustaceans, shellfish and other fishery products [M1140]",millions,5.2,
2010,New Brunswick,To Saskatchewan,"Fish, crustaceans, shellfish and other fishery products [M1140]",millions,0.1,
2010,New Brunswick,To Alberta,"Fish, crustaceans, shellfish and other fishery products [M1140]",millions,1.3,
2010,New Brunswick,To British Columbia,"Fish, crustaceans, shellfish and other fishery products [M1140]",millions,1.1,
2010,New Brunswick,Interprovincial exports,"Fish, crustaceans, shellfish and other fishery products [M1140]",millions,226.1,
2010,New Brunswick,Interprovincial imports,"Fish, crustaceans, shellfish and other fishery products [M1140]",millions,102.5,
2010,New Brunswick,International exports,"Fish, crustaceans, shellfish and other fishery products [M1140]",millions,207.5,
2010,New Brunswick,International imports,"Fish, crustaceans, shellfish and other fishery products [M1140]",millions,233.5,
2010,Quebec,Total supply,"Fish, crustaceans, shellfish and other fishery products [M1140]",millions,363.9,
2010,Quebec,Total demand,"Fish, crustaceans, shellfish and other fishery products [M1140]",millions,204.2,
2010,Quebec,To Newfoundland and Labrador,"Fish, crustaceans, shellfish and other fishery products [M1140]",millions,0.2,
2010,Quebec,To Prince Edward Island,"Fish, crustaceans, shellfish and other fishery products [M1140]",millions,0.5,
2010,Quebec,To Nova Scotia,"Fish, crustaceans, shellfish and other fishery products [M1140]",millions,5.0,
2010,Quebec,To Quebec,"Fish, crustaceans, shellfish and other fishery products [M1140]",millions,92.1,
2010,Quebec,To Ontario,"Fish, crustaceans, shellfish and other fishery products [M1140]",millions,47.7,
2010,Quebec,To Manitoba,"Fish, crustaceans, shellfish and other fishery products [M1140]",millions,1.3,
2010,Quebec,To Saskatchewan,"Fish, crustaceans, shellfish and other fishery products [M1140]",millions,4.3,
2010,Quebec,To Alberta,"Fish, crustaceans, shellfish and other fishery products [M1140]",millions,24.5,
2010,Quebec,To British Columbia,"Fish, crustaceans, shellfish and other fishery products [M1140]",millions,12.0,
2010,Quebec,Interprovincial exports,"Fish, crustaceans, shellfish and other fishery products [M1140]",millions,95.6,
2010,Quebec,Interprovincial imports,"Fish, crustaceans, shellfish and other fishery products [M1140]",millions,207.6,
2010,Quebec,International exports,"Fish, crustaceans, shellfish and other fishery products [M1140]",millions,16.6,
2010,Quebec,International imports,"Fish, crustaceans, shellfish and other fishery products [M1140]",millions,64.3,
2010,Ontario,Total supply,"Fish, crustaceans, shellfish and other fishery products [M1140]",millions,392.8,
2010,Ontario,Total demand,"Fish, crustaceans, shellfish and other fishery products [M1140]",millions,89.0,
2010,Ontario,To Nova Scotia,"Fish, crustaceans, shellfish and other fishery products [M1140]",millions,3.4,
2010,Ontario,To New Brunswick,"Fish, crustaceans, shellfish and other fishery products [M1140]",millions,0.9,
2010,Ontario,To Quebec,"Fish, crustaceans, shellfish and other fishery products [M1140]",millions,6.7,
2010,Ontario,To Ontario,"Fish, crustaceans, shellfish and other fishery products [M1140]",millions,32.9,
2010,Ontario,To Manitoba,"Fish, crustaceans, shellfish and other fishery products [M1140]",millions,0.3,
2010,Ontario,To Saskatchewan,"Fish, crustaceans, shellfish and other fishery products [M1140]",millions,2.6,
2010,Ontario,To Alberta,"Fish, crustaceans, shellfish and other fishery products [M1140]",millions,4.7,
2010,Ontario,To British Columbia,"Fish, crustaceans, shellfish and other fishery products [M1140]",millions,8.0,
2010,Ontario,To Northwest Territories,"Fish, crustaceans, shellfish and other fishery products [M1140]",millions,0.1,
2010,Ontario,Interprovincial exports,"Fish, crustaceans, shellfish and other fishery products [M1140]",millions,26.7,
2010,Ontario,Interprovincial imports,"Fish, crustaceans, shellfish and other fishery products [M1140]",millions,229.2,
2010,Ontario,International exports,"Fish, crustaceans, shellfish and other fishery products [M1140]",millions,29.3,
2010,Ontario,International imports,"Fish, crustaceans, shellfish and other fishery products [M1140]",millions,130.7,
2010,Manitoba,Total supply,"Fish, crustaceans, shellfish and other fishery products [M1140]",millions,50.9,
2010,Manitoba,Total demand,"Fish, crustaceans, shellfish and other fishery products [M1140]",millions,36.5,
2010,Manitoba,To Newfoundland and Labrador,"Fish, crustaceans, shellfish and other fishery products [M1140]",millions,0.0,
2010,Manitoba,To Nova Scotia,"Fish, crustaceans, shellfish and other fishery products [M1140]",millions,0.7,
2010,Manitoba,To New Brunswick,"Fish, crustaceans, shellfish and other fishery products [M1140]",millions,1.3,
2010,Manitoba,To Quebec,"Fish, crustaceans, shellfish and other fishery products [M1140]",millions,0.0,
2010,Manitoba,To Ontario,"Fish, crustaceans, shellfish and other fishery products [M1140]",millions,1.7,
2010,Manitoba,To Manitoba,"Fish, crustaceans, shellfish and other fishery products [M1140]",millions,19.2,
2010,Manitoba,To Saskatchewan,"Fish, crustaceans, shellfish and other fishery products [M1140]",millions,1.6,
2010,Manitoba,To Alberta,"Fish, crustaceans, shellfish and other fishery products [M1140]",millions,1.8,
2010,Manitoba,To British Columbia,"Fish, crustaceans, shellfish and other fishery products [M1140]",millions,1.7,
2010,Manitoba,Interprovincial exports,"Fish, crustaceans, shellfish and other fishery products [M1140]",millions,8.8,
2010,Manitoba,Interprovincial imports,"Fish, crustaceans, shellfish and other fishery products [M1140]",millions,29.5,
2010,Manitoba,International exports,"Fish, crustaceans, shellfish and other fishery products [M1140]",millions,8.6,
2010,Manitoba,International imports,"Fish, crustaceans, shellfish and other fishery products [M1140]",millions,2.2,
2010,Saskatchewan,Total supply,"Fish, crustaceans, shellfish and other fishery products [M1140]",millions,12.5,
2010,Saskatchewan,Total demand,"Fish, crustaceans, shellfish and other fishery products [M1140]",millions,8.3,
2010,Saskatchewan,To Nova Scotia,"Fish, crustaceans, shellfish and other fishery products [M1140]",millions,0.0,
2010,Saskatchewan,To New Brunswick,"Fish, crustaceans, shellfish and other fishery products [M1140]",millions,0.0,
2010,Saskatchewan,To Quebec,"Fish, crustaceans, shellfish and other fishery products [M1140]",millions,0.1,
2010,Saskatchewan,To Ontario,"Fish, crustaceans, shellfish and other fishery products [M1140]",millions,0.1,
2010,Saskatchewan,To Manitoba,"Fish, crustaceans, shellfish and other fishery products [M1140]",millions,0.1,
2010,Saskatchewan,To Saskatchewan,"Fish, crustaceans, shellfish and other fishery products [M1140]",millions,0.5,
2010,Saskatchewan,To Alberta,"Fish, crustaceans, shellfish and other fishery products [M1140]",millions,0.0,
2010,Saskatchewan,To British Columbia,"Fish, crustaceans, shellfish and other fishery products [M1140]",millions,2.9,
2010,Saskatchewan,Interprovincial exports,"Fish, crustaceans, shellfish and other fishery products [M1140]",millions,3.3,
2010,Saskatchewan,Interprovincial imports,"Fish, crustaceans, shellfish and other fishery products [M1140]",millions,11.6,
2010,Saskatchewan,International exports,"Fish, crustaceans, shellfish and other fishery products [M1140]",millions,4.4,
2010,Saskatchewan,International imports,"Fish, crustaceans, shellfish and other fishery products [M1140]",millions,0.4,
2010,Alberta,Total supply,"Fish, crustaceans, shellfish and other fishery products [M1140]",millions,67.5,
2010,Alberta,Total demand,"Fish, crustaceans, shellfish and other fishery products [M1140]",millions,5.4,
2010,Alberta,To Alberta,"Fish, crustaceans, shellfish and other fishery products [M1140]",millions,4.6,
2010,Alberta,Interprovincial exports,"Fish, crustaceans, shellfish and other fishery products [M1140]",millions,0.1,
2010,Alberta,Interprovincial imports,"Fish, crustaceans, shellfish and other fishery products [M1140]",millions,53.0,
2010,Alberta,International exports,"Fish, crustaceans, shellfish and other fishery products [M1140]",millions,0.7,
2010,Alberta,International imports,"Fish, crustaceans, shellfish and other fishery products [M1140]",millions,9.9,
2010,British Columbia,Total supply,"Fish, crustaceans, shellfish and other fishery products [M1140]",millions,416.3,
2010,British Columbia,Total demand,"Fish, crustaceans, shellfish and other fishery products [M1140]",millions,914.5,
2010,British Columbia,To Newfoundland and Labrador,"Fish, crustaceans, shellfish and other fishery products [M1140]",millions,0.2,
2010,British Columbia,To Prince Edward Island,"Fish, crustaceans, shellfish and other fishery products [M1140]",millions,0.2,
2010,British Columbia,To Nova Scotia,"Fish, crustaceans, shellfish and other fishery products [M1140]",millions,1.7,
2010,British Columbia,To New Brunswick,"Fish, crustaceans, shellfish and other fishery products [M1140]",millions,7.3,
2010,British Columbia,To Quebec,"Fish, crustaceans, shellfish and other fishery products [M1140]",millions,12.7,
2010,British Columbia,To Ontario,"Fish, crustaceans, shellfish and other fishery products [M1140]",millions,11.9,
2010,British Columbia,To Manitoba,"Fish, crustaceans, shellfish and other fishery products [M1140]",millions,11.1,
2010,British Columbia,To Saskatchewan,"Fish, crustaceans, shellfish and other fishery products [M1140]",millions,0.6,
2010,British Columbia,To Alberta,"Fish, crustaceans, shellfish and other fishery products [M1140]",millions,7.8,
2010,British Columbia,To British Columbia,"Fish, crustaceans, shellfish and other fishery products [M1140]",millions,175.0,
2010,British Columbia,To Yukon,"Fish, crustaceans, shellfish and other fishery products [M1140]",millions,0.0,
2010,British Columbia,To Northwest Territories,"Fish, crustaceans, shellfish and other fishery products [M1140]",millions,0.0,
2010,British Columbia,Interprovincial exports,"Fish, crustaceans, shellfish and other fishery products [M1140]",millions,53.5,
2010,British Columbia,Interprovincial imports,"Fish, crustaceans, shellfish and other fishery products [M1140]",millions,54.0,
2010,British Columbia,International exports,"Fish, crustaceans, shellfish and other fishery products [M1140]",millions,686.1,
2010,British Columbia,International imports,"Fish, crustaceans, shellfish and other fishery products [M1140]",millions,187.3,
2010,Yukon,Total supply,"Fish, crustaceans, shellfish and other fishery products [M1140]",millions,0.7,
2010,Yukon,Total demand,"Fish, crustaceans, shellfish and other fishery products [M1140]",millions,1.7,
2010,Yukon,To Quebec,"Fish, crustaceans, shellfish and other fishery products [M1140]",millions,0.0,
2010,Yukon,To British Columbia,"Fish, crustaceans, shellfish and other fishery products [M1140]",millions,1.3,
2010,Yukon,To Yukon,"Fish, crustaceans, shellfish and other fishery products [M1140]",millions,0.3,
2010,Yukon,Interprovincial exports,"Fish, crustaceans, shellfish and other fishery products [M1140]",millions,1.3,
2010,Yukon,Interprovincial imports,"Fish, crustaceans, shellfish and other fishery products [M1140]",millions,0.3,
2010,Yukon,International exports,"Fish, crustaceans, shellfish and other fishery products [M1140]",millions,0.1,
2010,Yukon,International imports,"Fish, crustaceans, shellfish and other fishery products [M1140]",millions,0.2,
2010,Northwest Territories,Total supply,"Fish, crustaceans, shellfish and other fishery products [M1140]",millions,1.1,
2010,Northwest Territories,Total demand,"Fish, crustaceans, shellfish and other fishery products [M1140]",millions,0.5,
2010,Northwest Territories,To Manitoba,"Fish, crustaceans, shellfish and other fishery products [M1140]",millions,0.2,
2010,Northwest Territories,Interprovincial exports,"Fish, crustaceans, shellfish and other fishery products [M1140]",millions,0.2,
2010,Northwest Territories,Interprovincial imports,"Fish, crustaceans, shellfish and other fishery products [M1140]",millions,1.0,
2010,Northwest Territories,International exports,"Fish, crustaceans, shellfish and other fishery products [M1140]",millions,0.3,
2010,Nunavut,Total supply,"Fish, crustaceans, shellfish and other fishery products [M1140]",millions,1.1,
2010,Nunavut,Total demand,"Fish, crustaceans, shellfish and other fishery products [M1140]",millions,4.2,
2010,Nunavut,To Ontario,"Fish, crustaceans, shellfish and other fishery products [M1140]",millions,0.7,
2010,Nunavut,To Manitoba,"Fish, crustaceans, shellfish and other fishery products [M1140]",millions,0.0,
2010,Nunavut,To Alberta,"Fish, crustaceans, shellfish and other fishery products [M1140]",millions,1.3,
2010,Nunavut,To Northwest Territories,"Fish, crustaceans, shellfish and other fishery products [M1140]",millions,0.9,
2010,Nunavut,To Nunavut,"Fish, crustaceans, shellfish and other fishery products [M1140]",millions,1.0,
2010,Nunavut,Interprovincial exports,"Fish, crustaceans, shellfish and other fishery products [M1140]",millions,2.9,
2010,Nunavut,International exports,"Fish, crustaceans, shellfish and other fishery products [M1140]",millions,0.2,
2011,Canada,Total supply and total demand,"Fish, crustaceans, shellfish and other fishery products [M1140]",millions,4579.9,
2011,Canada,Interprovincial exports,"Fish, crustaceans, shellfish and other fishery products [M1140]",millions,983.5,
2011,Canada,Interprovincial imports,"Fish, crustaceans, shellfish and other fishery products [M1140]",millions,983.5,
2011,Canada,International exports,"Fish, crustaceans, shellfish and other fishery products [M1140]",millions,1472.7,
2011,Canada,International re-exports,"Fish, crustaceans, shellfish and other fishery products [M1140]",millions,24.2,
2011,Canada,International imports,"Fish, crustaceans, shellfish and other fishery products [M1140]",millions,716.1,
2011,Newfoundland and Labrador,Total supply,"Fish, crustaceans, shellfish and other fishery products [M1140]",millions,569.5,
2011,Newfoundland and Labrador,Total demand,"Fish, crustaceans, shellfish and other fishery products [M1140]",millions,889.5,
2011,Newfoundland and Labrador,To Newfoundland and Labrador,"Fish, crustaceans, shellfish and other fishery products [M1140]",millions,485.6,
2011,Newfoundland and Labrador,To Prince Edward Island,"Fish, crustaceans, shellfish and other fishery products [M1140]",millions,4.1,
2011,Newfoundland and Labrador,To Nova Scotia,"Fish, crustaceans, shellfish and other fishery products [M1140]",millions,115.0,
2011,Newfoundland and Labrador,To New Brunswick,"Fish, crustaceans, shellfish and other fishery products [M1140]",millions,30.4,
2011,Newfoundland and Labrador,To Quebec,"Fish, crustaceans, shellfish and other fishery products [M1140]",millions,53.0,
2011,Newfoundland and Labrador,To Ontario,"Fish, crustaceans, shellfish and other fishery products [M1140]",millions,57.4,
2011,Newfoundland and Labrador,To Manitoba,"Fish, crustaceans, shellfish and other fishery products [M1140]",millions,16.0,
2011,Newfoundland and Labrador,To Saskatchewan,"Fish, crustaceans, shellfish and other fishery products [M1140]",millions,1.8,
2011,Newfoundland and Labrador,To Alberta,"Fish, crustaceans, shellfish and other fishery products [M1140]",millions,2.9,
2011,Newfoundland and Labrador,To British Columbia,"Fish, crustaceans, shellfish and other fishery products [M1140]",millions,6.4,
2011,Newfoundland and Labrador,To Yukon,"Fish, crustaceans, shellfish and other fishery products [M1140]",millions,0.5,
2011,Newfoundland and Labrador,Interprovincial exports,"Fish, crustaceans, shellfish and other fishery products [M1140]",millions,287.5,
2011,Newfoundland and Labrador,Interprovincial imports,"Fish, crustaceans, shellfish and other fishery products [M1140]",millions,51.3,
2011,Newfoundland and Labrador,International exports,"Fish, crustaceans, shellfish and other fishery products [M1140]",millions,116.4,
2011,Newfoundland and Labrador,International imports,"Fish, crustaceans, shellfish and other fishery products [M1140]",millions,32.5,
2011,Prince Edward Island,Total supply,"Fish, crustaceans, shellfish and other fishery products [M1140]",millions,168.8,
2011,Prince Edward Island,Total demand,"Fish, crustaceans, shellfish and other fishery products [M1140]",millions,192.7,
2011,Prince Edward Island,To Newfoundland and Labrador,"Fish, crustaceans, shellfish and other fishery products [M1140]",millions,0.0,
2011,Prince Edward Island,To Prince Edward Island,"Fish, crustaceans, shellfish and other fishery products [M1140]",millions,136.3,
2011,Prince Edward Island,To Nova Scotia,"Fish, crustaceans, shellfish and other fishery products [M1140]",millions,1.6,
2011,Prince Edward Island,To New Brunswick,"Fish, crustaceans, shellfish and other fishery products [M1140]",millions,1.4,
2011,Prince Edward Island,To Quebec,"Fish, crustaceans, shellfish and other fishery products [M1140]",millions,1.2,
2011,Prince Edward Island,To Ontario,"Fish, crustaceans, shellfish and other fishery products [M1140]",millions,0.8,
2011,Prince Edward Island,To Manitoba,"Fish, crustaceans, shellfish and other fishery products [M1140]",millions,0.2,
2011,Prince Edward Island,To Saskatchewan,"Fish, crustaceans, shellfish and other fishery products [M1140]",millions,0.0,
2011,Prince Edward Island,To Alberta,"Fish, crustaceans, shellfish and other fishery products [M1140]",millions,0.1,
2011,Prince Edward Island,Interprovincial exports,"Fish, crustaceans, shellfish and other fishery products [M1140]",millions,5.3,
2011,Prince Edward Island,Interprovincial imports,"Fish, crustaceans, shellfish and other fishery products [M1140]",millions,21.2,
2011,Prince Edward Island,International exports,"Fish, crustaceans, shellfish and other fishery products [M1140]",millions,51.1,
2011,Prince Edward Island,International imports,"Fish, crustaceans, shellfish and other fishery products [M1140]",millions,11.3,
2011,Nova Scotia,Total supply,"Fish, crustaceans, shellfish and other fishery products [M1140]",millions,464.9,
2011,Nova Scotia,Total demand,"Fish, crustaceans, shellfish and other fishery products [M1140]",millions,882.4,
2011,Nova Scotia,To Newfoundland and Labrador,"Fish, crustaceans, shellfish and other fishery products [M1140]",millions,14.6,
2011,Nova Scotia,To Prince Edward Island,"Fish, crustaceans, shellfish and other fishery products [M1140]",millions,14.6,
2011,Nova Scotia,To Nova Scotia,"Fish, crustaceans, shellfish and other fishery products [M1140]",millions,293.0,
2011,Nova Scotia,To New Brunswick,"Fish, crustaceans, shellfish and other fishery products [M1140]",millions,67.3,
2011,Nova Scotia,To Quebec,"Fish, crustaceans, shellfish and other fishery products [M1140]",millions,22.2,
2011,Nova Scotia,To Ontario,"Fish, crustaceans, shellfish and other fishery products [M1140]",millions,40.1,
2011,Nova Scotia,To Manitoba,"Fish, crustaceans, shellfish and other fishery products [M1140]",millions,0.3,
2011,Nova Scotia,To Saskatchewan,"Fish, crustaceans, shellfish and other fishery products [M1140]",millions,0.1,
2011,Nova Scotia,To Alberta,"Fish, crustaceans, shellfish and other fishery products [M1140]",millions,4.4,
2011,Nova Scotia,To British Columbia,"Fish, crustaceans, shellfish and other fishery products [M1140]",millions,6.9,
2011,Nova Scotia,Interprovincial exports,"Fish, crustaceans, shellfish and other fishery products [M1140]",millions,170.4,
2011,Nova Scotia,Interprovincial imports,"Fish, crustaceans, shellfish and other fishery products [M1140]",millions,164.1,
2011,Nova Scotia,International exports,"Fish, crustaceans, shellfish and other fishery products [M1140]",millions,419.0,
2011,Nova Scotia,International imports,"Fish, crustaceans, shellfish and other fishery products [M1140]",millions,7.8,
2011,New Brunswick,Total supply,"Fish, crustaceans, shellfish and other fishery products [M1140]",millions,509.0,
2011,New Brunswick,Total demand,"Fish, crustaceans, shellfish and other fishery products [M1140]",millions,605.2,
2011,New Brunswick,To Newfoundland and Labrador,"Fish, crustaceans, shellfish and other fishery products [M1140]",millions,36.0,
2011,New Brunswick,To Prince Edward Island,"Fish, crustaceans, shellfish and other fishery products [M1140]",millions,2.1,
2011,New Brunswick,To Nova Scotia,"Fish, crustaceans, shellfish and other fishery products [M1140]",millions,23.8,
2011,New Brunswick,To New Brunswick,"Fish, crustaceans, shellfish and other fishery products [M1140]",millions,153.8,
2011,New Brunswick,To Quebec,"Fish, crustaceans, shellfish and other fishery products [M1140]",millions,104.8,
2011,New Brunswick,To Ontario,"Fish, crustaceans, shellfish and other fishery products [M1140]",millions,69.3,
2011,New Brunswick,To Manitoba,"Fish, crustaceans, shellfish and other fishery products [M1140]",millions,8.1,
2011,New Brunswick,To Saskatchewan,"Fish, crustaceans, shellfish and other fishery products [M1140]",millions,0.1,
2011,New Brunswick,To Alberta,"Fish, crustaceans, shellfish and other fishery products [M1140]",millions,2.9,
2011,New Brunswick,To British Columbia,"Fish, crustaceans, shellfish and other fishery products [M1140]",millions,1.4,
2011,New Brunswick,Interprovincial exports,"Fish, crustaceans, shellfish and other fishery products [M1140]",millions,248.5,
2011,New Brunswick,Interprovincial imports,"Fish, crustaceans, shellfish and other fishery products [M1140]",millions,111.3,
2011,New Brunswick,International exports,"Fish, crustaceans, shellfish and other fishery products [M1140]",millions,202.9,
2011,New Brunswick,International imports,"Fish, crustaceans, shellfish and other fishery products [M1140]",millions,243.9,
2011,Quebec,Total supply,"Fish, crustaceans, shellfish and other fishery products [M1140]",millions,417.8,
2011,Quebec,Total demand,"Fish, crustaceans, shellfish and other fishery products [M1140]",millions,242.1,
2011,Quebec,To Newfoundland and Labrador,"Fish, crustaceans, shellfish and other fishery products [M1140]",millions,0.3,
2011,Quebec,To Prince Edward Island,"Fish, crustaceans, shellfish and other fishery products [M1140]",millions,0.3,
2011,Quebec,To Nova Scotia,"Fish, crustaceans, shellfish and other fishery products [M1140]",millions,3.1,
2011,Quebec,To Quebec,"Fish, crustaceans, shellfish and other fishery products [M1140]",millions,139.4,
2011,Quebec,To Ontario,"Fish, crustaceans, shellfish and other fishery products [M1140]",millions,45.1,
2011,Quebec,To Manitoba,"Fish, crustaceans, shellfish and other fishery products [M1140]",millions,1.2,
2011,Quebec,To Saskatchewan,"Fish, crustaceans, shellfish and other fishery products [M1140]",millions,3.2,
2011,Quebec,To Alberta,"Fish, crustaceans, shellfish and other fishery products [M1140]",millions,25.8,
2011,Quebec,To British Columbia,"Fish, crustaceans, shellfish and other fishery products [M1140]",millions,8.0,
2011,Quebec,Interprovincial exports,"Fish, crustaceans, shellfish and other fishery products [M1140]",millions,87.0,
2011,Quebec,Interprovincial imports,"Fish, crustaceans, shellfish and other fishery products [M1140]",millions,209.3,
2011,Quebec,International exports,"Fish, crustaceans, shellfish and other fishery products [M1140]",millions,15.7,
2011,Quebec,International imports,"Fish, crustaceans, shellfish and other fishery products [M1140]",millions,69.1,
2011,Ontario,Total supply,"Fish, crustaceans, shellfish and other fishery products [M1140]",millions,409.3,
2011,Ontario,Total demand,"Fish, crustaceans, shellfish and other fishery products [M1140]",millions,88.6,
2011,Ontario,To Nova Scotia,"Fish, crustaceans, shellfish and other fishery products [M1140]",millions,5.6,
2011,Ontario,To New Brunswick,"Fish, crustaceans, shellfish and other fishery products [M1140]",millions,0.9,
2011,Ontario,To Quebec,"Fish, crustaceans, shellfish and other fishery products [M1140]",millions,8.8,
2011,Ontario,To Ontario,"Fish, crustaceans, shellfish and other fishery products [M1140]",millions,28.3,
2011,Ontario,To Manitoba,"Fish, crustaceans, shellfish and other fishery products [M1140]",millions,0.3,
2011,Ontario,To Saskatchewan,"Fish, crustaceans, shellfish and other fishery products [M1140]",millions,1.4,
2011,Ontario,To Alberta,"Fish, crustaceans, shellfish and other fishery products [M1140]",millions,6.4,
2011,Ontario,To British Columbia,"Fish, crustaceans, shellfish and other fishery products [M1140]",millions,6.1,
2011,Ontario,To Northwest Territories,"Fish, crustaceans, shellfish and other fishery products [M1140]",millions,0.1,
2011,Ontario,Interprovincial exports,"Fish, crustaceans, shellfish and other fishery products [M1140]",millions,29.6,
2011,Ontario,Interprovincial imports,"Fish, crustaceans, shellfish and other fishery products [M1140]",millions,241.4,
2011,Ontario,International exports,"Fish, crustaceans, shellfish and other fishery products [M1140]",millions,30.7,
2011,Ontario,International imports,"Fish, crustaceans, shellfish and other fishery products [M1140]",millions,139.7,
2011,Manitoba,Total supply,"Fish, crustaceans, shellfish and other fishery products [M1140]",millions,49.5,
2011,Manitoba,Total demand,"Fish, crustaceans, shellfish and other fishery products [M1140]",millions,42.7,
2011,Manitoba,To Newfoundland and Labrador,"Fish, crustaceans, shellfish and other fishery products [M1140]",millions,0.0,
2011,Manitoba,To Nova Scotia,"Fish, crustaceans, shellfish and other fishery products [M1140]",millions,11.1,
2011,Manitoba,To New Brunswick,"Fish, crustaceans, shellfish and other fishery products [M1140]",millions,0.8,
2011,Manitoba,To Quebec,"Fish, crustaceans, shellfish and other fishery products [M1140]",millions,0.0,
2011,Manitoba,To Ontario,"Fish, crustaceans, shellfish and other fishery products [M1140]",millions,11.9,
2011,Manitoba,To Manitoba,"Fish, crustaceans, shellfish and other fishery products [M1140]",millions,3.7,
2011,Manitoba,To Saskatchewan,"Fish, crustaceans, shellfish and other fishery products [M1140]",millions,0.5,
2011,Manitoba,To Alberta,"Fish, crustaceans, shellfish and other fishery products [M1140]",millions,2.6,
2011,Manitoba,To British Columbia,"Fish, crustaceans, shellfish and other fishery products [M1140]",millions,0.8,
2011,Manitoba,Interprovincial exports,"Fish, crustaceans, shellfish and other fishery products [M1140]",millions,27.7,
2011,Manitoba,Interprovincial imports,"Fish, crustaceans, shellfish and other fishery products [M1140]",millions,43.6,
2011,Manitoba,International exports,"Fish, crustaceans, shellfish and other fishery products [M1140]",millions,11.3,
2011,Manitoba,International imports,"Fish, crustaceans, shellfish and other fishery products [M1140]",millions,2.2,
2011,Saskatchewan,Total supply,"Fish, crustaceans, shellfish and other fishery products [M1140]",millions,13.5,
2011,Saskatchewan,Total demand,"Fish, crustaceans, shellfish and other fishery products [M1140]",millions,63.0,
2011,Saskatchewan,To Nova Scotia,"Fish, crustaceans, shellfish and other fishery products [M1140]",millions,0.2,
2011,Saskatchewan,To New Brunswick,"Fish, crustaceans, shellfish and other fishery products [M1140]",millions,0.7,
2011,Saskatchewan,To Quebec,"Fish, crustaceans, shellfish and other fishery products [M1140]",millions,3.3,
2011,Saskatchewan,To Ontario,"Fish, crustaceans, shellfish and other fishery products [M1140]",millions,2.6,
2011,Saskatchewan,To Manitoba,"Fish, crustaceans, shellfish and other fishery products [M1140]",millions,2.4,
2011,Saskatchewan,To Saskatchewan,"Fish, crustaceans, shellfish and other fishery products [M1140]",millions,5.6,
2011,Saskatchewan,To Alberta,"Fish, crustaceans, shellfish and other fishery products [M1140]",millions,0.2,
2011,Saskatchewan,To British Columbia,"Fish, crustaceans, shellfish and other fishery products [M1140]",millions,43.9,
2011,Saskatchewan,Interprovincial exports,"Fish, crustaceans, shellfish and other fishery products [M1140]",millions,53.3,
2011,Saskatchewan,Interprovincial imports,"Fish, crustaceans, shellfish and other fishery products [M1140]",millions,7.6,
2011,Saskatchewan,International exports,"Fish, crustaceans, shellfish and other fishery products [M1140]",millions,4.1,
2011,Saskatchewan,International imports,"Fish, crustaceans, shellfish and other fishery products [M1140]",millions,0.2,
2011,Alberta,Total supply,"Fish, crustaceans, shellfish and other fishery products [M1140]",millions,75.4,
2011,Alberta,Total demand,"Fish, crustaceans, shellfish and other fishery products [M1140]",millions,5.3,
2011,Alberta,To Alberta,"Fish, crustaceans, shellfish and other fishery products [M1140]",millions,4.3,
2011,Alberta,Interprovincial exports,"Fish, crustaceans, shellfish and other fishery products [M1140]",millions,0.0,
2011,Alberta,Interprovincial imports,"Fish, crustaceans, shellfish and other fishery products [M1140]",millions,57.3,
2011,Alberta,International exports,"Fish, crustaceans, shellfish and other fishery products [M1140]",millions,0.9,
2011,Alberta,International imports,"Fish, crustaceans, shellfish and other fishery products [M1140]",millions,13.7,
2011,British Columbia,Total supply,"Fish, crustaceans, shellfish and other fishery products [M1140]",millions,401.8,
2011,British Columbia,Total demand,"Fish, crustaceans, shellfish and other fishery products [M1140]",millions,844.3,
2011,British Columbia,To Newfoundland and Labrador,"Fish, crustaceans, shellfish and other fishery products [M1140]",millions,0.5,
2011,British Columbia,To Prince Edward Island,"Fish, crustaceans, shellfish and other fishery products [M1140]",millions,0.1,
2011,British Columbia,To Nova Scotia,"Fish, crustaceans, shellfish and other fishery products [M1140]",millions,3.7,
2011,British Columbia,To New Brunswick,"Fish, crustaceans, shellfish and other fishery products [M1140]",millions,9.8,
2011,British Columbia,To Quebec,"Fish, crustaceans, shellfish and other fishery products [M1140]",millions,15.9,
2011,British Columbia,To Ontario,"Fish, crustaceans, shellfish and other fishery products [M1140]",millions,13.5,
2011,British Columbia,To Manitoba,"Fish, crustaceans, shellfish and other fishery products [M1140]",millions,14.0,
2011,British Columbia,To Saskatchewan,"Fish, crustaceans, shellfish and other fishery products [M1140]",millions,0.4,
2011,British Columbia,To Alberta,"Fish, crustaceans, shellfish and other fishery products [M1140]",millions,10.4,
2011,British Columbia,To British Columbia,"Fish, crustaceans, shellfish and other fishery products [M1140]",millions,155.9,
2011,British Columbia,To Yukon,"Fish, crustaceans, shellfish and other fishery products [M1140]",millions,0.0,
2011,British Columbia,To Northwest Territories,"Fish, crustaceans, shellfish and other fishery products [M1140]",millions,0.0,
2011,British Columbia,Interprovincial exports,"Fish, crustaceans, shellfish and other fishery products [M1140]",millions,68.4,
2011,British Columbia,Interprovincial imports,"Fish, crustaceans, shellfish and other fishery products [M1140]",millions,74.7,
2011,British Columbia,International exports,"Fish, crustaceans, shellfish and other fishery products [M1140]",millions,620.1,
2011,British Columbia,International imports,"Fish, crustaceans, shellfish and other fishery products [M1140]",millions,171.2,
2011,Yukon,Total supply,"Fish, crustaceans, shellfish and other fishery products [M1140]",millions,1.0,
2011,Yukon,Total demand,"Fish, crustaceans, shellfish and other fishery products [M1140]",millions,1.9,
2011,Yukon,To Quebec,"Fish, crustaceans, shellfish and other fishery products [M1140]",millions,0.1,
2011,Yukon,To British Columbia,"Fish, crustaceans, shellfish and other fishery products [M1140]",millions,1.3,
2011,Yukon,To Yukon,"Fish, crustaceans, shellfish and other fishery products [M1140]",millions,0.4,
2011,Yukon,Interprovincial exports,"Fish, crustaceans, shellfish and other fishery products [M1140]",millions,1.4,
2011,Yukon,Interprovincial imports,"Fish, crustaceans, shellfish and other fishery products [M1140]",millions,0.5,
2011,Yukon,International exports,"Fish, crustaceans, shellfish and other fishery products [M1140]",millions,0.2,
2011,Yukon,International imports,"Fish, crustaceans, shellfish and other fishery products [M1140]",millions,0.2,
2011,Northwest Territories,Total supply,"Fish, crustaceans, shellfish and other fishery products [M1140]",millions,1.1,
2011,Northwest Territories,Total demand,"Fish, crustaceans, shellfish and other fishery products [M1140]",millions,0.4,
2011,Northwest Territories,To Manitoba,"Fish, crustaceans, shellfish and other fishery products [M1140]",millions,0.3,
2011,Northwest Territories,Interprovincial exports,"Fish, crustaceans, shellfish and other fishery products [M1140]",millions,0.3,
2011,Northwest Territories,Interprovincial imports,"Fish, crustaceans, shellfish and other fishery products [M1140]",millions,1.1,
2011,Northwest Territories,International exports,"Fish, crustaceans, shellfish and other fishery products [M1140]",millions,0.1,
2011,Nunavut,Total supply,"Fish, crustaceans, shellfish and other fishery products [M1140]",millions,1.3,
2011,Nunavut,Total demand,"Fish, crustaceans, shellfish and other fishery products [M1140]",millions,5.8,
2011,Nunavut,To Ontario,"Fish, crustaceans, shellfish and other fishery products [M1140]",millions,0.6,
2011,Nunavut,To Manitoba,"Fish, crustaceans, shellfish and other fishery products [M1140]",millions,0.8,
2011,Nunavut,To Alberta,"Fish, crustaceans, shellfish and other fishery products [M1140]",millions,1.8,
2011,Nunavut,To Northwest Territories,"Fish, crustaceans, shellfish and other fishery products [M1140]",millions,1.0,
2011,Nunavut,To Nunavut,"Fish, crustaceans, shellfish and other fishery products [M1140]",millions,1.3,
2011,Nunavut,Interprovincial exports,"Fish, crustaceans, shellfish and other fishery products [M1140]",millions,4.2,
2011,Nunavut,International exports,"Fish, crustaceans, shellfish and other fishery products [M1140]",millions,0.2,
2012,Canada,Total supply and total demand,"Fish, crustaceans, shellfish and other fishery products [M1140]",millions,4561.2,
2012,Canada,Interprovincial exports,"Fish, crustaceans, shellfish and other fishery products [M1140]",millions,1007.0,
2012,Canada,Interprovincial imports,"Fish, crustaceans, shellfish and other fishery products [M1140]",millions,1007.0,
2012,Canada,International exports,"Fish, crustaceans, shellfish and other fishery products [M1140]",millions,1468.0,
2012,Canada,International re-exports,"Fish, crustaceans, shellfish and other fishery products [M1140]",millions,22.6,
2012,Canada,International imports,"Fish, crustaceans, shellfish and other fishery products [M1140]",millions,733.8,
2012,Newfoundland and Labrador,Total supply,"Fish, crustaceans, shellfish and other fishery products [M1140]",millions,530.4,
2012,Newfoundland and Labrador,Total demand,"Fish, crustaceans, shellfish and other fishery products [M1140]",millions,915.0,
2012,Newfoundland and Labrador,To Newfoundland and Labrador,"Fish, crustaceans, shellfish and other fishery products [M1140]",millions,474.6,
2012,Newfoundland and Labrador,To Prince Edward Island,"Fish, crustaceans, shellfish and other fishery products [M1140]",millions,0.7,
2012,Newfoundland and Labrador,To Nova Scotia,"Fish, crustaceans, shellfish and other fishery products [M1140]",millions,126.0,
2012,Newfoundland and Labrador,To New Brunswick,"Fish, crustaceans, shellfish and other fishery products [M1140]",millions,44.5,
2012,Newfoundland and Labrador,To Quebec,"Fish, crustaceans, shellfish and other fishery products [M1140]",millions,70.9,
2012,Newfoundland and Labrador,To Ontario,"Fish, crustaceans, shellfish and other fishery products [M1140]",millions,80.9,
2012,Newfoundland and Labrador,To Manitoba,"Fish, crustaceans, shellfish and other fishery products [M1140]",millions,21.0,
2012,Newfoundland and Labrador,To Saskatchewan,"Fish, crustaceans, shellfish and other fishery products [M1140]",millions,3.8,
2012,Newfoundland and Labrador,To Alberta,"Fish, crustaceans, shellfish and other fishery products [M1140]",millions,4.0,
2012,Newfoundland and Labrador,To British Columbia,"Fish, crustaceans, shellfish and other fishery products [M1140]",millions,8.5,
2012,Newfoundland and Labrador,To Yukon,"Fish, crustaceans, shellfish and other fishery products [M1140]",millions,0.7,
2012,Newfoundland and Labrador,Interprovincial exports,"Fish, crustaceans, shellfish and other fishery products [M1140]",millions,360.9,
2012,Newfoundland and Labrador,Interprovincial imports,"Fish, crustaceans, shellfish and other fishery products [M1140]",millions,32.0,
2012,Newfoundland and Labrador,International exports,"Fish, crustaceans, shellfish and other fishery products [M1140]",millions,79.5,
2012,Newfoundland and Labrador,International imports,"Fish, crustaceans, shellfish and other fishery products [M1140]",millions,23.8,
2012,Prince Edward Island,Total supply,"Fish, crustaceans, shellfish and other fishery products [M1140]",millions,121.7,
2012,Prince Edward Island,Total demand,"Fish, crustaceans, shellfish and other fishery products [M1140]",millions,223.1,
2012,Prince Edward Island,To Newfoundland and Labrador,"Fish, crustaceans, shellfish and other fishery products [M1140]",millions,0.0,
2012,Prince Edward Island,To Prince Edward Island,"Fish, crustaceans, shellfish and other fishery products [M1140]",millions,118.0,
2012,Prince Edward Island,To Nova Scotia,"Fish, crustaceans, shellfish and other fishery products [M1140]",millions,11.5,
2012,Prince Edward Island,To New Brunswick,"Fish, crustaceans, shellfish and other fishery products [M1140]",millions,13.8,
2012,Prince Edward Island,To Quebec,"Fish, crustaceans, shellfish and other fishery products [M1140]",millions,11.1,
2012,Prince Edward Island,To Ontario,"Fish, crustaceans, shellfish and other fishery products [M1140]",millions,8.1,
2012,Prince Edward Island,To Manitoba,"Fish, crustaceans, shellfish and other fishery products [M1140]",millions,1.7,
2012,Prince Edward Island,To Saskatchewan,"Fish, crustaceans, shellfish and other fishery products [M1140]",millions,0.1,
2012,Prince Edward Island,To Alberta,"Fish, crustaceans, shellfish and other fishery products [M1140]",millions,1.0,
2012,Prince Edward Island,Interprovincial exports,"Fish, crustaceans, shellfish and other fishery products [M1140]",millions,47.2,
2012,Prince Edward Island,Interprovincial imports,"Fish, crustaceans, shellfish and other fishery products [M1140]",millions,2.5,
2012,Prince Edward Island,International exports,"Fish, crustaceans, shellfish and other fishery products [M1140]",millions,58.0,
2012,Prince Edward Island,International imports,"Fish, crustaceans, shellfish and other fishery products [M1140]",millions,1.1,
2012,Nova Scotia,Total supply,"Fish, crustaceans, shellfish and other fishery products [M1140]",millions,463.6,
2012,Nova Scotia,Total demand,"Fish, crustaceans, shellfish and other fishery products [M1140]",millions,923.4,
2012,Nova Scotia,To Newfoundland and Labrador,"Fish, crustaceans, shellfish and other fishery products [M1140]",millions,12.7,
2012,Nova Scotia,To Prince Edward Island,"Fish, crustaceans, shellfish and other fishery products [M1140]",millions,1.7,
2012,Nova Scotia,To Nova Scotia,"Fish, crustaceans, shellfish and other fishery products [M1140]",millions,287.6,
2012,Nova Scotia,To New Brunswick,"Fish, crustaceans, shellfish and other fishery products [M1140]",millions,88.3,
2012,Nova Scotia,To Quebec,"Fish, crustaceans, shellfish and other fishery products [M1140]",millions,26.6,
2012,Nova Scotia,To Ontario,"Fish, crustaceans, shellfish and other fishery products [M1140]",millions,50.6,
2012,Nova Scotia,To Manitoba,"Fish, crustaceans, shellfish and other fishery products [M1140]",millions,0.4,
2012,Nova Scotia,To Saskatchewan,"Fish, crustaceans, shellfish and other fishery products [M1140]",millions,0.1,
2012,Nova Scotia,To Alberta,"Fish, crustaceans, shellfish and other fishery products [M1140]",millions,5.4,
2012,Nova Scotia,To British Columbia,"Fish, crustaceans, shellfish and other fishery products [M1140]",millions,8.2,
2012,Nova Scotia,Interprovincial exports,"Fish, crustaceans, shellfish and other fishery products [M1140]",millions,194.0,
2012,Nova Scotia,Interprovincial imports,"Fish, crustaceans, shellfish and other fishery products [M1140]",millions,169.4,
2012,Nova Scotia,International exports,"Fish, crustaceans, shellfish and other fishery products [M1140]",millions,441.7,
2012,Nova Scotia,International imports,"Fish, crustaceans, shellfish and other fishery products [M1140]",millions,6.6,
2012,New Brunswick,Total supply,"Fish, crustaceans, shellfish and other fishery products [M1140]",millions,557.7,
2012,New Brunswick,Total demand,"Fish, crustaceans, shellfish and other fishery products [M1140]",millions,583.0,
2012,New Brunswick,To Newfoundland and Labrador,"Fish, crustaceans, shellfish and other fishery products [M1140]",millions,18.6,
2012,New Brunswick,To Prince Edward Island,"Fish, crustaceans, shellfish and other fishery products [M1140]",millions,0.1,
2012,New Brunswick,To Nova Scotia,"Fish, crustaceans, shellfish and other fishery products [M1140]",millions,13.8,
2012,New Brunswick,To New Brunswick,"Fish, crustaceans, shellfish and other fishery products [M1140]",millions,119.0,
2012,New Brunswick,To Quebec,"Fish, crustaceans, shellfish and other fishery products [M1140]",millions,74.1,
2012,New Brunswick,To Ontario,"Fish, crustaceans, shellfish and other fishery products [M1140]",millions,51.6,
2012,New Brunswick,To Manitoba,"Fish, crustaceans, shellfish and other fishery products [M1140]",millions,5.6,
2012,New Brunswick,To Saskatchewan,"Fish, crustaceans, shellfish and other fishery products [M1140]",millions,0.1,
2012,New Brunswick,To Alberta,"Fish, crustaceans, shellfish and other fishery products [M1140]",millions,2.1,
2012,New Brunswick,To British Columbia,"Fish, crustaceans, shellfish and other fishery products [M1140]",millions,1.0,
2012,New Brunswick,Interprovincial exports,"Fish, crustaceans, shellfish and other fishery products [M1140]",millions,167.0,
2012,New Brunswick,Interprovincial imports,"Fish, crustaceans, shellfish and other fishery products [M1140]",millions,161.6,
2012,New Brunswick,International exports,"Fish, crustaceans, shellfish and other fishery products [M1140]",millions,297.0,
2012,New Brunswick,International imports,"Fish, crustaceans, shellfish and other fishery products [M1140]",millions,277.1,
2012,Quebec,Total supply,"Fish, crustaceans, shellfish and other fishery products [M1140]",millions,419.2,
2012,Quebec,Total demand,"Fish, crustaceans, shellfish and other fishery products [M1140]",millions,247.7,
2012,Quebec,To Newfoundland and Labrador,"Fish, crustaceans, shellfish and other fishery products [M1140]",millions,0.2,
2012,Quebec,To Prince Edward Island,"Fish, crustaceans, shellfish and other fishery products [M1140]",millions,0.0,
2012,Quebec,To Nova Scotia,"Fish, crustaceans, shellfish and other fishery products [M1140]",millions,2.5,
2012,Quebec,To Quebec,"Fish, crustaceans, shellfish and other fishery products [M1140]",millions,140.7,
2012,Quebec,To Ontario,"Fish, crustaceans, shellfish and other fishery products [M1140]",millions,47.9,
2012,Quebec,To Manitoba,"Fish, crustaceans, shellfish and other fishery products [M1140]",millions,1.2,
2012,Quebec,To Saskatchewan,"Fish, crustaceans, shellfish and other fishery products [M1140]",millions,5.0,
2012,Quebec,To Alberta,"Fish, crustaceans, shellfish and other fishery products [M1140]",millions,26.6,
2012,Quebec,To British Columbia,"Fish, crustaceans, shellfish and other fishery products [M1140]",millions,8.0,
2012,Quebec,Interprovincial exports,"Fish, crustaceans, shellfish and other fishery products [M1140]",millions,91.5,
2012,Quebec,Interprovincial imports,"Fish, crustaceans, shellfish and other fishery products [M1140]",millions,208.5,
2012,Quebec,International exports,"Fish, crustaceans, shellfish and other fishery products [M1140]",millions,15.6,
2012,Quebec,International imports,"Fish, crustaceans, shellfish and other fishery products [M1140]",millions,70.0,
2012,Ontario,Total supply,"Fish, crustaceans, shellfish and other fishery products [M1140]",millions,439.0,
2012,Ontario,Total demand,"Fish, crustaceans, shellfish and other fishery products [M1140]",millions,72.0,
2012,Ontario,To Nova Scotia,"Fish, crustaceans, shellfish and other fishery products [M1140]",millions,2.8,
2012,Ontario,To New Brunswick,"Fish, crustaceans, shellfish and other fishery products [M1140]",millions,0.6,
2012,Ontario,To Quebec,"Fish, crustaceans, shellfish and other fishery products [M1140]",millions,5.4,
2012,Ontario,To Ontario,"Fish, crustaceans, shellfish and other fishery products [M1140]",millions,18.3,
2012,Ontario,To Manitoba,"Fish, crustaceans, shellfish and other fishery products [M1140]",millions,0.2,
2012,Ontario,To Saskatchewan,"Fish, crustaceans, shellfish and other fishery products [M1140]",millions,1.3,
2012,Ontario,To Alberta,"Fish, crustaceans, shellfish and other fishery products [M1140]",millions,4.0,
2012,Ontario,To British Columbia,"Fish, crustaceans, shellfish and other fishery products [M1140]",millions,3.7,
2012,Ontario,To Northwest Territories,"Fish, crustaceans, shellfish and other fishery products [M1140]",millions,0.0,
2012,Ontario,Interprovincial exports,"Fish, crustaceans, shellfish and other fishery products [M1140]",millions,18.1,
2012,Ontario,Interprovincial imports,"Fish, crustaceans, shellfish and other fishery products [M1140]",millions,270.8,
2012,Ontario,International exports,"Fish, crustaceans, shellfish and other fishery products [M1140]",millions,35.5,
2012,Ontario,International imports,"Fish, crustaceans, shellfish and other fishery products [M1140]",millions,149.9,
2012,Manitoba,Total supply,"Fish, crustaceans, shellfish and other fishery products [M1140]",millions,55.2,
2012,Manitoba,Total demand,"Fish, crustaceans, shellfish and other fishery products [M1140]",millions,41.5,
2012,Manitoba,To Newfoundland and Labrador,"Fish, crustaceans, shellfish and other fishery products [M1140]",millions,0.0,
2012,Manitoba,To Nova Scotia,"Fish, crustaceans, shellfish and other fishery products [M1140]",millions,9.0,
2012,Manitoba,To New Brunswick,"Fish, crustaceans, shellfish and other fishery products [M1140]",millions,0.9,
2012,Manitoba,To Quebec,"Fish, crustaceans, shellfish and other fishery products [M1140]",millions,0.0,
2012,Manitoba,To Ontario,"Fish, crustaceans, shellfish and other fishery products [M1140]",millions,12.4,
2012,Manitoba,To Manitoba,"Fish, crustaceans, shellfish and other fishery products [M1140]",millions,3.6,
2012,Manitoba,To Saskatchewan,"Fish, crustaceans, shellfish and other fishery products [M1140]",millions,0.8,
2012,Manitoba,To Alberta,"Fish, crustaceans, shellfish and other fishery products [M1140]",millions,2.6,
2012,Manitoba,To British Columbia,"Fish, crustaceans, shellfish and other fishery products [M1140]",millions,0.8,
2012,Manitoba,Interprovincial exports,"Fish, crustaceans, shellfish and other fishery products [M1140]",millions,26.5,
2012,Manitoba,Interprovincial imports,"Fish, crustaceans, shellfish and other fishery products [M1140]",millions,49.4,
2012,Manitoba,International exports,"Fish, crustaceans, shellfish and other fishery products [M1140]",millions,11.3,
2012,Manitoba,International imports,"Fish, crustaceans, shellfish and other fishery products [M1140]",millions,2.1,
2012,Saskatchewan,Total supply,"Fish, crustaceans, shellfish and other fishery products [M1140]",millions,13.3,
2012,Saskatchewan,Total demand,"Fish, crustaceans, shellfish and other fishery products [M1140]",millions,11.1,
2012,Saskatchewan,To Nova Scotia,"Fish, crustaceans, shellfish and other fishery products [M1140]",millions,0.0,
2012,Saskatchewan,To New Brunswick,"Fish, crustaceans, shellfish and other fishery products [M1140]",millions,0.1,
2012,Saskatchewan,To Quebec,"Fish, crustaceans, shellfish and other fishery products [M1140]",millions,0.4,
2012,Saskatchewan,To Ontario,"Fish, crustaceans, shellfish and other fishery products [M1140]",millions,0.3,
2012,Saskatchewan,To Manitoba,"Fish, crustaceans, shellfish and other fishery products [M1140]",millions,0.3,
2012,Saskatchewan,To Saskatchewan,"Fish, crustaceans, shellfish and other fishery products [M1140]",millions,0.9,
2012,Saskatchewan,To Alberta,"Fish, crustaceans, shellfish and other fishery products [M1140]",millions,0.0,
2012,Saskatchewan,To British Columbia,"Fish, crustaceans, shellfish and other fishery products [M1140]",millions,4.7,
2012,Saskatchewan,Interprovincial exports,"Fish, crustaceans, shellfish and other fishery products [M1140]",millions,5.7,
2012,Saskatchewan,Interprovincial imports,"Fish, crustaceans, shellfish and other fishery products [M1140]",millions,12.0,
2012,Saskatchewan,International exports,"Fish, crustaceans, shellfish and other fishery products [M1140]",millions,4.4,
2012,Saskatchewan,International imports,"Fish, crustaceans, shellfish and other fishery products [M1140]",millions,0.4,
2012,Alberta,Total supply,"Fish, crustaceans, shellfish and other fishery products [M1140]",millions,79.4,
2012,Alberta,Total demand,"Fish, crustaceans, shellfish and other fishery products [M1140]",millions,4.0,
2012,Alberta,To Alberta,"Fish, crustaceans, shellfish and other fishery products [M1140]",millions,3.0,
2012,Alberta,Interprovincial exports,"Fish, crustaceans, shellfish and other fishery products [M1140]",millions,0.0,
2012,Alberta,Interprovincial imports,"Fish, crustaceans, shellfish and other fishery products [M1140]",millions,62.3,
2012,Alberta,International exports,"Fish, crustaceans, shellfish and other fishery products [M1140]",millions,1.0,
2012,Alberta,International imports,"Fish, crustaceans, shellfish and other fishery products [M1140]",millions,14.1,
2012,British Columbia,Total supply,"Fish, crustaceans, shellfish and other fishery products [M1140]",millions,386.2,
2012,British Columbia,Total demand,"Fish, crustaceans, shellfish and other fishery products [M1140]",millions,793.4,
2012,British Columbia,To Newfoundland and Labrador,"Fish, crustaceans, shellfish and other fishery products [M1140]",millions,0.4,
2012,British Columbia,To Prince Edward Island,"Fish, crustaceans, shellfish and other fishery products [M1140]",millions,0.0,
2012,British Columbia,To Nova Scotia,"Fish, crustaceans, shellfish and other fishery products [M1140]",millions,3.8,
2012,British Columbia,To New Brunswick,"Fish, crustaceans, shellfish and other fishery products [M1140]",millions,13.5,
2012,British Columbia,To Quebec,"Fish, crustaceans, shellfish and other fishery products [M1140]",millions,20.0,
2012,British Columbia,To Ontario,"Fish, crustaceans, shellfish and other fishery products [M1140]",millions,17.8,
2012,British Columbia,To Manitoba,"Fish, crustaceans, shellfish and other fishery products [M1140]",millions,17.2,
2012,British Columbia,To Saskatchewan,"Fish, crustaceans, shellfish and other fishery products [M1140]",millions,0.9,
2012,British Columbia,To Alberta,"Fish, crustaceans, shellfish and other fishery products [M1140]",millions,13.3,
2012,British Columbia,To British Columbia,"Fish, crustaceans, shellfish and other fishery products [M1140]",millions,183.8,
2012,British Columbia,To Yukon,"Fish, crustaceans, shellfish and other fishery products [M1140]",millions,0.0,
2012,British Columbia,To Northwest Territories,"Fish, crustaceans, shellfish and other fishery products [M1140]",millions,0.0,
2012,British Columbia,Interprovincial exports,"Fish, crustaceans, shellfish and other fishery products [M1140]",millions,86.9,
2012,British Columbia,Interprovincial imports,"Fish, crustaceans, shellfish and other fishery products [M1140]",millions,36.5,
2012,British Columbia,International exports,"Fish, crustaceans, shellfish and other fishery products [M1140]",millions,522.7,
2012,British Columbia,International imports,"Fish, crustaceans, shellfish and other fishery products [M1140]",millions,165.9,
2012,Yukon,Total supply,"Fish, crustaceans, shellfish and other fishery products [M1140]",millions,1.3,
2012,Yukon,Total demand,"Fish, crustaceans, shellfish and other fishery products [M1140]",millions,2.1,
2012,Yukon,To Quebec,"Fish, crustaceans, shellfish and other fishery products [M1140]",millions,0.1,
2012,Yukon,To British Columbia,"Fish, crustaceans, shellfish and other fishery products [M1140]",millions,1.5,
2012,Yukon,To Yukon,"Fish, crustaceans, shellfish and other fishery products [M1140]",millions,0.4,
2012,Yukon,Interprovincial exports,"Fish, crustaceans, shellfish and other fishery products [M1140]",millions,1.6,
2012,Yukon,Interprovincial imports,"Fish, crustaceans, shellfish and other fishery products [M1140]",millions,0.8,
2012,Yukon,International exports,"Fish, crustaceans, shellfish and other fishery products [M1140]",millions,0.1,
2012,Yukon,International imports,"Fish, crustaceans, shellfish and other fishery products [M1140]",millions,0.2,
2012,Northwest Territories,Total supply,"Fish, crustaceans, shellfish and other fishery products [M1140]",millions,1.1,
2012,Northwest Territories,Total demand,"Fish, crustaceans, shellfish and other fishery products [M1140]",millions,0.5,
2012,Northwest Territories,To Manitoba,"Fish, crustaceans, shellfish and other fishery products [M1140]",millions,0.4,
2012,Northwest Territories,Interprovincial exports,"Fish, crustaceans, shellfish and other fishery products [M1140]",millions,0.4,
2012,Northwest Territories,Interprovincial imports,"Fish, crustaceans, shellfish and other fishery products [M1140]",millions,1.1,
2012,Northwest Territories,International exports,"Fish, crustaceans, shellfish and other fishery products [M1140]",millions,0.1,
2012,Nunavut,Total supply,"Fish, crustaceans, shellfish and other fishery products [M1140]",millions,2.4,
2012,Nunavut,Total demand,"Fish, crustaceans, shellfish and other fishery products [M1140]",millions,10.6,
2012,Nunavut,To Ontario,"Fish, crustaceans, shellfish and other fishery products [M1140]",millions,1.2,
2012,Nunavut,To Manitoba,"Fish, crustaceans, shellfish and other fishery products [M1140]",millions,1.4,
2012,Nunavut,To Alberta,"Fish, crustaceans, shellfish and other fishery products [M1140]",millions,3.4,
2012,Nunavut,To Northwest Territories,"Fish, crustaceans, shellfish and other fishery products [M1140]",millions,1.1,
2012,Nunavut,To Nunavut,"Fish, crustaceans, shellfish and other fishery products [M1140]",millions,2.4,
2012,Nunavut,Interprovincial exports,"Fish, crustaceans, shellfish and other fishery products [M1140]",millions,7.1,
2012,Nunavut,International exports,"Fish, crustaceans, shellfish and other fishery products [M1140]",millions,1.1,
2013,Canada,Total supply and total demand,"Fish, crustaceans, shellfish and other fishery products [M1140]",millions,5738.6,
2013,Canada,Interprovincial exports,"Fish, crustaceans, shellfish and other fishery products [M1140]",millions,1831.0,
2013,Canada,Interprovincial imports,"Fish, crustaceans, shellfish and other fishery products [M1140]",millions,1831.0,
2013,Canada,International exports,"Fish, crustaceans, shellfish and other fishery products [M1140]",millions,1522.8,
2013,Canada,International re-exports,"Fish, crustaceans, shellfish and other fishery products [M1140]",millions,34.2,
2013,Canada,International imports,"Fish, crustaceans, shellfish and other fishery products [M1140]",millions,841.3,
2013,Newfoundland and Labrador,Total supply,"Fish, crustaceans, shellfish and other fishery products [M1140]",millions,476.8,
2013,Newfoundland and Labrador,Total demand,"Fish, crustaceans, shellfish and other fishery products [M1140]",millions,1120.7,
2013,Newfoundland and Labrador,To Newfoundland and Labrador,"Fish, crustaceans, shellfish and other fishery products [M1140]",millions,438.6,
2013,Newfoundland and Labrador,To Prince Edward Island,"Fish, crustaceans, shellfish and other fishery products [M1140]",millions,5.2,
2013,Newfoundland and Labrador,To Nova Scotia,"Fish, crustaceans, shellfish and other fishery products [M1140]",millions,96.5,
2013,Newfoundland and Labrador,To New Brunswick,"Fish, crustaceans, shellfish and other fishery products [M1140]",millions,53.2,
2013,Newfoundland and Labrador,To Quebec,"Fish, crustaceans, shellfish and other fishery products [M1140]",millions,125.4,
2013,Newfoundland and Labrador,To Ontario,"Fish, crustaceans, shellfish and other fishery products [M1140]",millions,216.0,
2013,Newfoundland and Labrador,To Manitoba,"Fish, crustaceans, shellfish and other fishery products [M1140]",millions,54.7,
2013,Newfoundland and Labrador,To Saskatchewan,"Fish, crustaceans, shellfish and other fishery products [M1140]",millions,9.7,
2013,Newfoundland and Labrador,To Alberta,"Fish, crustaceans, shellfish and other fishery products [M1140]",millions,12.7,
2013,Newfoundland and Labrador,To British Columbia,"Fish, crustaceans, shellfish and other fishery products [M1140]",millions,16.6,
2013,Newfoundland and Labrador,To Yukon,"Fish, crustaceans, shellfish and other fishery products [M1140]",millions,1.3,
2013,Newfoundland and Labrador,Interprovincial exports,"Fish, crustaceans, shellfish and other fishery products [M1140]",millions,591.3,
2013,Newfoundland and Labrador,Interprovincial imports,"Fish, crustaceans, shellfish and other fishery products [M1140]",millions,32.9,
2013,Newfoundland and Labrador,International exports,"Fish, crustaceans, shellfish and other fishery products [M1140]",millions,90.8,
2013,Newfoundland and Labrador,International imports,"Fish, crustaceans, shellfish and other fishery products [M1140]",millions,5.3,
2013,Prince Edward Island,Total supply,"Fish, crustaceans, shellfish and other fishery products [M1140]",millions,154.6,
2013,Prince Edward Island,Total demand,"Fish, crustaceans, shellfish and other fishery products [M1140]",millions,216.8,
2013,Prince Edward Island,To Newfoundland and Labrador,"Fish, crustaceans, shellfish and other fishery products [M1140]",millions,0.0,
2013,Prince Edward Island,To Prince Edward Island,"Fish, crustaceans, shellfish and other fishery products [M1140]",millions,140.2,
2013,Prince Edward Island,To Nova Scotia,"Fish, crustaceans, shellfish and other fishery products [M1140]",millions,2.9,
2013,Prince Edward Island,To New Brunswick,"Fish, crustaceans, shellfish and other fishery products [M1140]",millions,5.3,
2013,Prince Edward Island,To Quebec,"Fish, crustaceans, shellfish and other fishery products [M1140]",millions,6.3,
2013,Prince Edward Island,To Ontario,"Fish, crustaceans, shellfish and other fishery products [M1140]",millions,6.9,
2013,Prince Edward Island,To Manitoba,"Fish, crustaceans, shellfish and other fishery products [M1140]",millions,1.4,
2013,Prince Edward Island,To Saskatchewan,"Fish, crustaceans, shellfish and other fishery products [M1140]",millions,0.1,
2013,Prince Edward Island,To Alberta,"Fish, crustaceans, shellfish and other fishery products [M1140]",millions,1.0,
2013,Prince Edward Island,Interprovincial exports,"Fish, crustaceans, shellfish and other fishery products [M1140]",millions,24.0,
2013,Prince Edward Island,Interprovincial imports,"Fish, crustaceans, shellfish and other fishery products [M1140]",millions,14.1,
2013,Prince Edward Island,International exports,"Fish, crustaceans, shellfish and other fishery products [M1140]",millions,52.6,
2013,Prince Edward Island,International imports,"Fish, crustaceans, shellfish and other fishery products [M1140]",millions,0.3,
2013,Nova Scotia,Total supply,"Fish, crustaceans, shellfish and other fishery products [M1140]",millions,480.4,
2013,Nova Scotia,Total demand,"Fish, crustaceans, shellfish and other fishery products [M1140]",millions,1333.9,
2013,Nova Scotia,To Newfoundland and Labrador,"Fish, crustaceans, shellfish and other fishery products [M1140]",millions,19.0,
2013,Nova Scotia,To Prince Edward Island,"Fish, crustaceans, shellfish and other fishery products [M1140]",millions,8.4,
2013,Nova Scotia,To Nova Scotia,"Fish, crustaceans, shellfish and other fishery products [M1140]",millions,341.1,
2013,Nova Scotia,To New Brunswick,"Fish, crustaceans, shellfish and other fishery products [M1140]",millions,165.5,
2013,Nova Scotia,To Quebec,"Fish, crustaceans, shellfish and other fishery products [M1140]",millions,73.5,
2013,Nova Scotia,To Ontario,"Fish, crustaceans, shellfish and other fishery products [M1140]",millions,210.3,
2013,Nova Scotia,To Manitoba,"Fish, crustaceans, shellfish and other fishery products [M1140]",millions,1.6,
2013,Nova Scotia,To Saskatchewan,"Fish, crustaceans, shellfish and other fishery products [M1140]",millions,0.5,
2013,Nova Scotia,To Alberta,"Fish, crustaceans, shellfish and other fishery products [M1140]",millions,26.4,
2013,Nova Scotia,To British Columbia,"Fish, crustaceans, shellfish and other fishery products [M1140]",millions,25.5,
2013,Nova Scotia,Interprovincial exports,"Fish, crustaceans, shellfish and other fishery products [M1140]",millions,530.7,
2013,Nova Scotia,Interprovincial imports,"Fish, crustaceans, shellfish and other fishery products [M1140]",millions,122.1,
2013,Nova Scotia,International exports,"Fish, crustaceans, shellfish and other fishery products [M1140]",millions,462.1,
2013,Nova Scotia,International imports,"Fish, crustaceans, shellfish and other fishery products [M1140]",millions,17.2,
2013,New Brunswick,Total supply,"Fish, crustaceans, shellfish and other fishery products [M1140]",millions,690.6,
2013,New Brunswick,Total demand,"Fish, crustaceans, shellfish and other fishery products [M1140]",millions,661.6,
2013,New Brunswick,To Newfoundland and Labrador,"Fish, crustaceans, shellfish and other fishery products [M1140]",millions,13.5,
2013,New Brunswick,To Prince Edward Island,"Fish, crustaceans, shellfish and other fishery products [M1140]",millions,0.4,
2013,New Brunswick,To Nova Scotia,"Fish, crustaceans, shellfish and other fishery products [M1140]",millions,8.2,
2013,New Brunswick,To New Brunswick,"Fish, crustaceans, shellfish and other fishery products [M1140]",millions,141.9,
2013,New Brunswick,To Quebec,"Fish, crustaceans, shellfish and other fishery products [M1140]",millions,101.1,
2013,New Brunswick,To Ontario,"Fish, crustaceans, shellfish and other fishery products [M1140]",millions,105.9,
2013,New Brunswick,To Manitoba,"Fish, crustaceans, shellfish and other fishery products [M1140]",millions,11.3,
2013,New Brunswick,To Saskatchewan,"Fish, crustaceans, shellfish and other fishery products [M1140]",millions,0.2,
2013,New Brunswick,To Alberta,"Fish, crustaceans, shellfish and other fishery products [M1140]",millions,5.1,
2013,New Brunswick,To British Columbia,"Fish, crustaceans, shellfish and other fishery products [M1140]",millions,1.5,
2013,New Brunswick,Interprovincial exports,"Fish, crustaceans, shellfish and other fishery products [M1140]",millions,247.2,
2013,New Brunswick,Interprovincial imports,"Fish, crustaceans, shellfish and other fishery products [M1140]",millions,236.8,
2013,New Brunswick,International exports,"Fish, crustaceans, shellfish and other fishery products [M1140]",millions,272.5,
2013,New Brunswick,International imports,"Fish, crustaceans, shellfish and other fishery products [M1140]",millions,311.9,
2013,Quebec,Total supply,"Fish, crustaceans, shellfish and other fishery products [M1140]",millions,612.4,
2013,Quebec,Total demand,"Fish, crustaceans, shellfish and other fishery products [M1140]",millions,409.1,
2013,Quebec,To Newfoundland and Labrador,"Fish, crustaceans, shellfish and other fishery products [M1140]",millions,0.2,
2013,Quebec,To Prince Edward Island,"Fish, crustaceans, shellfish and other fishery products [M1140]",millions,0.1,
2013,Quebec,To Nova Scotia,"Fish, crustaceans, shellfish and other fishery products [M1140]",millions,1.6,
2013,Quebec,To Quebec,"Fish, crustaceans, shellfish and other fishery products [M1140]",millions,204.7,
2013,Quebec,To Ontario,"Fish, crustaceans, shellfish and other fishery products [M1140]",millions,101.3,
2013,Quebec,To Manitoba,"Fish, crustaceans, shellfish and other fishery products [M1140]",millions,2.5,
2013,Quebec,To Saskatchewan,"Fish, crustaceans, shellfish and other fishery products [M1140]",millions,10.1,
2013,Quebec,To Alberta,"Fish, crustaceans, shellfish and other fishery products [M1140]",millions,66.8,
2013,Quebec,To British Columbia,"Fish, crustaceans, shellfish and other fishery products [M1140]",millions,12.6,
2013,Quebec,Interprovincial exports,"Fish, crustaceans, shellfish and other fishery products [M1140]",millions,195.1,
2013,Quebec,Interprovincial imports,"Fish, crustaceans, shellfish and other fishery products [M1140]",millions,339.8,
2013,Quebec,International exports,"Fish, crustaceans, shellfish and other fishery products [M1140]",millions,9.3,
2013,Quebec,International imports,"Fish, crustaceans, shellfish and other fishery products [M1140]",millions,67.8,
2013,Ontario,Total supply,"Fish, crustaceans, shellfish and other fishery products [M1140]",millions,906.4,
2013,Ontario,Total demand,"Fish, crustaceans, shellfish and other fishery products [M1140]",millions,125.0,
2013,Ontario,To Nova Scotia,"Fish, crustaceans, shellfish and other fishery products [M1140]",millions,2.2,
2013,Ontario,To New Brunswick,"Fish, crustaceans, shellfish and other fishery products [M1140]",millions,0.7,
2013,Ontario,To Quebec,"Fish, crustaceans, shellfish and other fishery products [M1140]",millions,9.9,
2013,Ontario,To Ontario,"Fish, crustaceans, shellfish and other fishery products [M1140]",millions,39.7,
2013,Ontario,To Manitoba,"Fish, crustaceans, shellfish and other fishery products [M1140]",millions,0.5,
2013,Ontario,To Saskatchewan,"Fish, crustaceans, shellfish and other fishery products [M1140]",millions,3.5,
2013,Ontario,To Alberta,"Fish, crustaceans, shellfish and other fishery products [M1140]",millions,13.0,
2013,Ontario,To British Columbia,"Fish, crustaceans, shellfish and other fishery products [M1140]",millions,7.6,
2013,Ontario,To Northwest Territories,"Fish, crustaceans, shellfish and other fishery products [M1140]",millions,0.3,
2013,Ontario,Interprovincial exports,"Fish, crustaceans, shellfish and other fishery products [M1140]",millions,37.7,
2013,Ontario,Interprovincial imports,"Fish, crustaceans, shellfish and other fishery products [M1140]",millions,714.6,
2013,Ontario,International exports,"Fish, crustaceans, shellfish and other fishery products [M1140]",millions,47.5,
2013,Ontario,International imports,"Fish, crustaceans, shellfish and other fishery products [M1140]",millions,152.1,
2013,Manitoba,Total supply,"Fish, crustaceans, shellfish and other fishery products [M1140]",millions,118.4,
2013,Manitoba,Total demand,"Fish, crustaceans, shellfish and other fishery products [M1140]",millions,91.6,
2013,Manitoba,To Newfoundland and Labrador,"Fish, crustaceans, shellfish and other fishery products [M1140]",millions,0.0,
2013,Manitoba,To Nova Scotia,"Fish, crustaceans, shellfish and other fishery products [M1140]",millions,8.8,
2013,Manitoba,To New Brunswick,"Fish, crustaceans, shellfish and other fishery products [M1140]",millions,1.4,
2013,Manitoba,To Quebec,"Fish, crustaceans, shellfish and other fishery products [M1140]",millions,0.0,
2013,Manitoba,To Ontario,"Fish, crustaceans, shellfish and other fishery products [M1140]",millions,42.0,
2013,Manitoba,To Manitoba,"Fish, crustaceans, shellfish and other fishery products [M1140]",millions,13.1,
2013,Manitoba,To Saskatchewan,"Fish, crustaceans, shellfish and other fishery products [M1140]",millions,2.6,
2013,Manitoba,To Alberta,"Fish, crustaceans, shellfish and other fishery products [M1140]",millions,10.5,
2013,Manitoba,To British Columbia,"Fish, crustaceans, shellfish and other fishery products [M1140]",millions,1.9,
2013,Manitoba,Interprovincial exports,"Fish, crustaceans, shellfish and other fishery products [M1140]",millions,67.3,
2013,Manitoba,Interprovincial imports,"Fish, crustaceans, shellfish and other fishery products [M1140]",millions,103.0,
2013,Manitoba,International exports,"Fish, crustaceans, shellfish and other fishery products [M1140]",millions,11.2,
2013,Manitoba,International imports,"Fish, crustaceans, shellfish and other fishery products [M1140]",millions,2.3,
2013,Saskatchewan,Total supply,"Fish, crustaceans, shellfish and other fishery products [M1140]",millions,30.0,
2013,Saskatchewan,Total demand,"Fish, crustaceans, shellfish and other fishery products [M1140]",millions,9.5,
2013,Saskatchewan,To Nova Scotia,"Fish, crustaceans, shellfish and other fishery products [M1140]",millions,0.0,
2013,Saskatchewan,To New Brunswick,"Fish, crustaceans, shellfish and other fishery products [M1140]",millions,0.0,
2013,Saskatchewan,To Quebec,"Fish, crustaceans, shellfish and other fishery products [M1140]",millions,0.2,
2013,Saskatchewan,To Ontario,"Fish, crustaceans, shellfish and other fishery products [M1140]",millions,0.3,
2013,Saskatchewan,To Manitoba,"Fish, crustaceans, shellfish and other fishery products [M1140]",millions,0.2,
2013,Saskatchewan,To Saskatchewan,"Fish, crustaceans, shellfish and other fishery products [M1140]",millions,1.4,
2013,Saskatchewan,To Alberta,"Fish, crustaceans, shellfish and other fishery products [M1140]",millions,0.0,
2013,Saskatchewan,To British Columbia,"Fish, crustaceans, shellfish and other fishery products [M1140]",millions,3.2,
2013,Saskatchewan,Interprovincial exports,"Fish, crustaceans, shellfish and other fishery products [M1140]",millions,4.0,
2013,Saskatchewan,Interprovincial imports,"Fish, crustaceans, shellfish and other fishery products [M1140]",millions,28.1,
2013,Saskatchewan,International exports,"Fish, crustaceans, shellfish and other fishery products [M1140]",millions,4.1,
2013,Saskatchewan,International imports,"Fish, crustaceans, shellfish and other fishery products [M1140]",millions,0.5,
2013,Alberta,Total supply,"Fish, crustaceans, shellfish and other fishery products [M1140]",millions,173.1,
2013,Alberta,Total demand,"Fish, crustaceans, shellfish and other fishery products [M1140]",millions,3.4,
2013,Alberta,To Alberta,"Fish, crustaceans, shellfish and other fishery products [M1140]",millions,3.3,
2013,Alberta,Interprovincial exports,"Fish, crustaceans, shellfish and other fishery products [M1140]",millions,0.0,
2013,Alberta,Interprovincial imports,"Fish, crustaceans, shellfish and other fishery products [M1140]",millions,165.8,
2013,Alberta,International exports,"Fish, crustaceans, shellfish and other fishery products [M1140]",millions,0.1,
2013,Alberta,International imports,"Fish, crustaceans, shellfish and other fishery products [M1140]",millions,4.0,
2013,British Columbia,Total supply,"Fish, crustaceans, shellfish and other fishery products [M1140]",millions,530.0,
2013,British Columbia,Total demand,"Fish, crustaceans, shellfish and other fishery products [M1140]",millions,911.8,
2013,British Columbia,To Newfoundland and Labrador,"Fish, crustaceans, shellfish and other fishery products [M1140]",millions,0.3,
2013,British Columbia,To Prince Edward Island,"Fish, crustaceans, shellfish and other fishery products [M1140]",millions,0.0,
2013,British Columbia,To Nova Scotia,"Fish, crustaceans, shellfish and other fishery products [M1140]",millions,1.9,
2013,British Columbia,To New Brunswick,"Fish, crustaceans, shellfish and other fishery products [M1140]",millions,10.6,
2013,British Columbia,To Quebec,"Fish, crustaceans, shellfish and other fishery products [M1140]",millions,23.3,
2013,British Columbia,To Ontario,"Fish, crustaceans, shellfish and other fishery products [M1140]",millions,31.2,
2013,British Columbia,To Manitoba,"Fish, crustaceans, shellfish and other fishery products [M1140]",millions,29.5,
2013,British Columbia,To Saskatchewan,"Fish, crustaceans, shellfish and other fishery products [M1140]",millions,1.5,
2013,British Columbia,To Alberta,"Fish, crustaceans, shellfish and other fishery products [M1140]",millions,27.8,
2013,British Columbia,To British Columbia,"Fish, crustaceans, shellfish and other fishery products [M1140]",millions,214.6,
2013,British Columbia,To Yukon,"Fish, crustaceans, shellfish and other fishery products [M1140]",millions,0.0,
2013,British Columbia,To Northwest Territories,"Fish, crustaceans, shellfish and other fishery products [M1140]",millions,0.0,
2013,British Columbia,Interprovincial exports,"Fish, crustaceans, shellfish and other fishery products [M1140]",millions,126.0,
2013,British Columbia,Interprovincial imports,"Fish, crustaceans, shellfish and other fishery products [M1140]",millions,69.9,
2013,British Columbia,International exports,"Fish, crustaceans, shellfish and other fishery products [M1140]",millions,571.1,
2013,British Columbia,International imports,"Fish, crustaceans, shellfish and other fishery products [M1140]",millions,245.4,
2013,Yukon,Total supply,"Fish, crustaceans, shellfish and other fishery products [M1140]",millions,1.8,
2013,Yukon,Total demand,"Fish, crustaceans, shellfish and other fishery products [M1140]",millions,1.2,
2013,Yukon,To Quebec,"Fish, crustaceans, shellfish and other fishery products [M1140]",millions,0.1,
2013,Yukon,To British Columbia,"Fish, crustaceans, shellfish and other fishery products [M1140]",millions,0.9,
2013,Yukon,To Yukon,"Fish, crustaceans, shellfish and other fishery products [M1140]",millions,0.2,
2013,Yukon,Interprovincial exports,"Fish, crustaceans, shellfish and other fishery products [M1140]",millions,0.9,
2013,Yukon,Interprovincial imports,"Fish, crustaceans, shellfish and other fishery products [M1140]",millions,1.3,
2013,Yukon,International exports,"Fish, crustaceans, shellfish and other fishery products [M1140]",millions,0.1,
2013,Yukon,International imports,"Fish, crustaceans, shellfish and other fishery products [M1140]",millions,0.3,
2013,Northwest Territories,Total supply,"Fish, crustaceans, shellfish and other fishery products [M1140]",millions,2.7,
2013,Northwest Territories,Total demand,"Fish, crustaceans, shellfish and other fishery products [M1140]",millions,0.8,
2013,Northwest Territories,To Manitoba,"Fish, crustaceans, shellfish and other fishery products [M1140]",millions,0.5,
2013,Northwest Territories,To Northwest Territories,"Fish, crustaceans, shellfish and other fishery products [M1140]",millions,0.2,
2013,Northwest Territories,Interprovincial exports,"Fish, crustaceans, shellfish and other fishery products [M1140]",millions,0.5,
2013,Northwest Territories,Interprovincial imports,"Fish, crustaceans, shellfish and other fishery products [M1140]",millions,2.5,
2013,Northwest Territories,International exports,"Fish, crustaceans, shellfish and other fishery products [M1140]",millions,0.2,
2013,Nunavut,Total supply,"Fish, crustaceans, shellfish and other fishery products [M1140]",millions,4.4,
2013,Nunavut,Total demand,"Fish, crustaceans, shellfish and other fishery products [M1140]",millions,12.0,
2013,Nunavut,To Ontario,"Fish, crustaceans, shellfish and other fishery products [M1140]",millions,0.7,
2013,Nunavut,To Manitoba,"Fish, crustaceans, shellfish and other fishery products [M1140]",millions,0.9,
2013,Nunavut,To Alberta,"Fish, crustaceans, shellfish and other fishery products [M1140]",millions,2.5,
2013,Nunavut,To Northwest Territories,"Fish, crustaceans, shellfish and other fishery products [M1140]",millions,2.2,
2013,Nunavut,To Nunavut,"Fish, crustaceans, shellfish and other fishery products [M1140]",millions,4.4,
2013,Nunavut,Interprovincial exports,"Fish, crustaceans, shellfish and other fishery products [M1140]",millions,6.3,
2013,Nunavut,International exports,"Fish, crustaceans, shellfish and other fishery products [M1140]",millions,1.3,
2014,Canada,Total supply and total demand,"Fish, crustaceans, shellfish and other fishery products [M1140]",millions,5835.6,
2014,Canada,Interprovincial exports,"Fish, crustaceans, shellfish and other fishery products [M1140]",millions,1661.2,
2014,Canada,Interprovincial imports,"Fish, crustaceans, shellfish and other fishery products [M1140]",millions,1661.2,
2014,Canada,International exports,"Fish, crustaceans, shellfish and other fishery products [M1140]",millions,1547.6,
2014,Canada,International re-exports,"Fish, crustaceans, shellfish and other fishery products [M1140]",millions,23.1,
2014,Canada,International imports,"Fish, crustaceans, shellfish and other fishery products [M1140]",millions,905.7,
2014,Newfoundland and Labrador,Total supply,"Fish, crustaceans, shellfish and other fishery products [M1140]",millions,528.5,
2014,Newfoundland and Labrador,Total demand,"Fish, crustaceans, shellfish and other fishery products [M1140]",millions,992.6,
2014,Newfoundland and Labrador,To Newfoundland and Labrador,"Fish, crustaceans, shellfish and other fishery products [M1140]",millions,472.5,
2014,Newfoundland and Labrador,To Prince Edward Island,"Fish, crustaceans, shellfish and other fishery products [M1140]",millions,10.7,
2014,Newfoundland and Labrador,To Nova Scotia,"Fish, crustaceans, shellfish and other fishery products [M1140]",millions,78.5,
2014,Newfoundland and Labrador,To New Brunswick,"Fish, crustaceans, shellfish and other fishery products [M1140]",millions,16.9,
2014,Newfoundland and Labrador,To Quebec,"Fish, crustaceans, shellfish and other fishery products [M1140]",millions,100.6,
2014,Newfoundland and Labrador,To Ontario,"Fish, crustaceans, shellfish and other fishery products [M1140]",millions,155.3,
2014,Newfoundland and Labrador,To Manitoba,"Fish, crustaceans, shellfish and other fishery products [M1140]",millions,36.6,
2014,Newfoundland and Labrador,To Saskatchewan,"Fish, crustaceans, shellfish and other fishery products [M1140]",millions,6.3,
2014,Newfoundland and Labrador,To Alberta,"Fish, crustaceans, shellfish and other fishery products [M1140]",millions,6.0,
2014,Newfoundland and Labrador,To British Columbia,"Fish, crustaceans, shellfish and other fishery products [M1140]",millions,15.1,
2014,Newfoundland and Labrador,To Yukon,"Fish, crustaceans, shellfish and other fishery products [M1140]",millions,0.8,
2014,Newfoundland and Labrador,Interprovincial exports,"Fish, crustaceans, shellfish and other fishery products [M1140]",millions,426.7,
2014,Newfoundland and Labrador,Interprovincial imports,"Fish, crustaceans, shellfish and other fishery products [M1140]",millions,53.5,
2014,Newfoundland and Labrador,International exports,"Fish, crustaceans, shellfish and other fishery products [M1140]",millions,93.4,
2014,Newfoundland and Labrador,International imports,"Fish, crustaceans, shellfish and other fishery products [M1140]",millions,2.6,
2014,Prince Edward Island,Total supply,"Fish, crustaceans, shellfish and other fishery products [M1140]",millions,181.3,
2014,Prince Edward Island,Total demand,"Fish, crustaceans, shellfish and other fishery products [M1140]",millions,214.2,
2014,Prince Edward Island,To Newfoundland and Labrador,"Fish, crustaceans, shellfish and other fishery products [M1140]",millions,0.0,
2014,Prince Edward Island,To Prince Edward Island,"Fish, crustaceans, shellfish and other fishery products [M1140]",millions,149.5,
2014,Prince Edward Island,To Nova Scotia,"Fish, crustaceans, shellfish and other fishery products [M1140]",millions,1.6,
2014,Prince Edward Island,To New Brunswick,"Fish, crustaceans, shellfish and other fishery products [M1140]",millions,2.0,
2014,Prince Edward Island,To Quebec,"Fish, crustaceans, shellfish and other fishery products [M1140]",millions,3.5,
2014,Prince Edward Island,To Ontario,"Fish, crustaceans, shellfish and other fishery products [M1140]",millions,3.1,
2014,Prince Edward Island,To Manitoba,"Fish, crustaceans, shellfish and other fishery products [M1140]",millions,0.6,
2014,Prince Edward Island,To Saskatchewan,"Fish, crustaceans, shellfish and other fishery products [M1140]",millions,0.0,
2014,Prince Edward Island,To Alberta,"Fish, crustaceans, shellfish and other fishery products [M1140]",millions,0.4,
2014,Prince Edward Island,Interprovincial exports,"Fish, crustaceans, shellfish and other fishery products [M1140]",millions,11.1,
2014,Prince Edward Island,Interprovincial imports,"Fish, crustaceans, shellfish and other fishery products [M1140]",millions,31.6,
2014,Prince Edward Island,International exports,"Fish, crustaceans, shellfish and other fishery products [M1140]",millions,53.6,
2014,Prince Edward Island,International imports,"Fish, crustaceans, shellfish and other fishery products [M1140]",millions,0.2,
2014,Nova Scotia,Total supply,"Fish, crustaceans, shellfish and other fishery products [M1140]",millions,524.9,
2014,Nova Scotia,Total demand,"Fish, crustaceans, shellfish and other fishery products [M1140]",millions,1429.2,
2014,Nova Scotia,To Newfoundland and Labrador,"Fish, crustaceans, shellfish and other fishery products [M1140]",millions,29.4,
2014,Nova Scotia,To Prince Edward Island,"Fish, crustaceans, shellfish and other fishery products [M1140]",millions,19.6,
2014,Nova Scotia,To Nova Scotia,"Fish, crustaceans, shellfish and other fishery products [M1140]",millions,401.3,
2014,Nova Scotia,To New Brunswick,"Fish, crustaceans, shellfish and other fishery products [M1140]",millions,132.1,
2014,Nova Scotia,To Quebec,"Fish, crustaceans, shellfish and other fishery products [M1140]",millions,86.4,
2014,Nova Scotia,To Ontario,"Fish, crustaceans, shellfish and other fishery products [M1140]",millions,202.7,
2014,Nova Scotia,To Manitoba,"Fish, crustaceans, shellfish and other fishery products [M1140]",millions,1.5,
2014,Nova Scotia,To Saskatchewan,"Fish, crustaceans, shellfish and other fishery products [M1140]",millions,0.5,
2014,Nova Scotia,To Alberta,"Fish, crustaceans, shellfish and other fishery products [M1140]",millions,21.0,
2014,Nova Scotia,To British Columbia,"Fish, crustaceans, shellfish and other fishery products [M1140]",millions,26.0,
2014,Nova Scotia,Interprovincial exports,"Fish, crustaceans, shellfish and other fishery products [M1140]",millions,519.1,
2014,Nova Scotia,Interprovincial imports,"Fish, crustaceans, shellfish and other fishery products [M1140]",millions,103.3,
2014,Nova Scotia,International exports,"Fish, crustaceans, shellfish and other fishery products [M1140]",millions,508.8,
2014,Nova Scotia,International imports,"Fish, crustaceans, shellfish and other fishery products [M1140]",millions,20.4,
2014,New Brunswick,Total supply,"Fish, crustaceans, shellfish and other fishery products [M1140]",millions,687.0,
2014,New Brunswick,Total demand,"Fish, crustaceans, shellfish and other fishery products [M1140]",millions,644.0,
2014,New Brunswick,To Newfoundland and Labrador,"Fish, crustaceans, shellfish and other fishery products [M1140]",millions,23.3,
2014,New Brunswick,To Prince Edward Island,"Fish, crustaceans, shellfish and other fishery products [M1140]",millions,1.1,
2014,New Brunswick,To Nova Scotia,"Fish, crustaceans, shellfish and other fishery products [M1140]",millions,10.8,
2014,New Brunswick,To New Brunswick,"Fish, crustaceans, shellfish and other fishery products [M1140]",millions,129.1,
2014,New Brunswick,To Quebec,"Fish, crustaceans, shellfish and other fishery products [M1140]",millions,132.9,
2014,New Brunswick,To Ontario,"Fish, crustaceans, shellfish and other fishery products [M1140]",millions,114.3,
2014,New Brunswick,To Manitoba,"Fish, crustaceans, shellfish and other fishery products [M1140]",millions,11.5,
2014,New Brunswick,To Saskatchewan,"Fish, crustaceans, shellfish and other fishery products [M1140]",millions,0.2,
2014,New Brunswick,To Alberta,"Fish, crustaceans, shellfish and other fishery products [M1140]",millions,4.5,
2014,New Brunswick,To British Columbia,"Fish, crustaceans, shellfish and other fishery products [M1140]",millions,1.7,
2014,New Brunswick,Interprovincial exports,"Fish, crustaceans, shellfish and other fishery products [M1140]",millions,300.2,
2014,New Brunswick,Interprovincial imports,"Fish, crustaceans, shellfish and other fishery products [M1140]",millions,164.4,
2014,New Brunswick,International exports,"Fish, crustaceans, shellfish and other fishery products [M1140]",millions,214.7,
2014,New Brunswick,International imports,"Fish, crustaceans, shellfish and other fishery products [M1140]",millions,393.5,
2014,Quebec,Total supply,"Fish, crustaceans, shellfish and other fishery products [M1140]",millions,626.1,
2014,Quebec,Total demand,"Fish, crustaceans, shellfish and other fishery products [M1140]",millions,339.5,
2014,Quebec,To Newfoundland and Labrador,"Fish, crustaceans, shellfish and other fishery products [M1140]",millions,0.2,
2014,Quebec,To Prince Edward Island,"Fish, crustaceans, shellfish and other fishery products [M1140]",millions,0.1,
2014,Quebec,To Nova Scotia,"Fish, crustaceans, shellfish and other fishery products [M1140]",millions,1.4,
2014,Quebec,To Quebec,"Fish, crustaceans, shellfish and other fishery products [M1140]",millions,185.1,
2014,Quebec,To Ontario,"Fish, crustaceans, shellfish and other fishery products [M1140]",millions,75.0,
2014,Quebec,To Manitoba,"Fish, crustaceans, shellfish and other fishery products [M1140]",millions,1.8,
2014,Quebec,To Saskatchewan,"Fish, crustaceans, shellfish and other fishery products [M1140]",millions,7.3,
2014,Quebec,To Alberta,"Fish, crustaceans, shellfish and other fishery products [M1140]",millions,40.7,
2014,Quebec,To British Columbia,"Fish, crustaceans, shellfish and other fishery products [M1140]",millions,9.9,
2014,Quebec,Interprovincial exports,"Fish, crustaceans, shellfish and other fishery products [M1140]",millions,136.4,
2014,Quebec,Interprovincial imports,"Fish, crustaceans, shellfish and other fishery products [M1140]",millions,383.9,
2014,Quebec,International exports,"Fish, crustaceans, shellfish and other fishery products [M1140]",millions,18.0,
2014,Quebec,International imports,"Fish, crustaceans, shellfish and other fishery products [M1140]",millions,57.1,
2014,Ontario,Total supply,"Fish, crustaceans, shellfish and other fishery products [M1140]",millions,837.7,
2014,Ontario,Total demand,"Fish, crustaceans, shellfish and other fishery products [M1140]",millions,169.3,
2014,Ontario,To Nova Scotia,"Fish, crustaceans, shellfish and other fishery products [M1140]",millions,4.8,
2014,Ontario,To New Brunswick,"Fish, crustaceans, shellfish and other fishery products [M1140]",millions,1.1,
2014,Ontario,To Quebec,"Fish, crustaceans, shellfish and other fishery products [M1140]",millions,21.4,
2014,Ontario,To Ontario,"Fish, crustaceans, shellfish and other fishery products [M1140]",millions,58.9,
2014,Ontario,To Manitoba,"Fish, crustaceans, shellfish and other fishery products [M1140]",millions,0.8,
2014,Ontario,To Saskatchewan,"Fish, crustaceans, shellfish and other fishery products [M1140]",millions,6.0,
2014,Ontario,To Alberta,"Fish, crustaceans, shellfish and other fishery products [M1140]",millions,19.0,
2014,Ontario,To British Columbia,"Fish, crustaceans, shellfish and other fishery products [M1140]",millions,14.3,
2014,Ontario,To Northwest Territories,"Fish, crustaceans, shellfish and other fishery products [M1140]",millions,0.9,
2014,Ontario,Interprovincial exports,"Fish, crustaceans, shellfish and other fishery products [M1140]",millions,68.3,
2014,Ontario,Interprovincial imports,"Fish, crustaceans, shellfish and other fishery products [M1140]",millions,606.0,
2014,Ontario,International exports,"Fish, crustaceans, shellfish and other fishery products [M1140]",millions,42.1,
2014,Ontario,International imports,"Fish, crustaceans, shellfish and other fishery products [M1140]",millions,172.8,
2014,Manitoba,Total supply,"Fish, crustaceans, shellfish and other fishery products [M1140]",millions,96.5,
2014,Manitoba,Total demand,"Fish, crustaceans, shellfish and other fishery products [M1140]",millions,29.9,
2014,Manitoba,To Newfoundland and Labrador,"Fish, crustaceans, shellfish and other fishery products [M1140]",millions,0.0,
2014,Manitoba,To Nova Scotia,"Fish, crustaceans, shellfish and other fishery products [M1140]",millions,3.0,
2014,Manitoba,To New Brunswick,"Fish, crustaceans, shellfish and other fishery products [M1140]",millions,0.3,
2014,Manitoba,To Quebec,"Fish, crustaceans, shellfish and other fishery products [M1140]",millions,0.0,
2014,Manitoba,To Ontario,"Fish, crustaceans, shellfish and other fishery products [M1140]",millions,11.7,
2014,Manitoba,To Manitoba,"Fish, crustaceans, shellfish and other fishery products [M1140]",millions,3.3,
2014,Manitoba,To Saskatchewan,"Fish, crustaceans, shellfish and other fishery products [M1140]",millions,0.7,
2014,Manitoba,To Alberta,"Fish, crustaceans, shellfish and other fishery products [M1140]",millions,2.4,
2014,Manitoba,To British Columbia,"Fish, crustaceans, shellfish and other fishery products [M1140]",millions,0.6,
2014,Manitoba,Interprovincial exports,"Fish, crustaceans, shellfish and other fishery products [M1140]",millions,18.7,
2014,Manitoba,Interprovincial imports,"Fish, crustaceans, shellfish and other fishery products [M1140]",millions,92.4,
2014,Manitoba,International exports,"Fish, crustaceans, shellfish and other fishery products [M1140]",millions,7.9,
2014,Manitoba,International imports,"Fish, crustaceans, shellfish and other fishery products [M1140]",millions,0.8,
2014,Saskatchewan,Total supply,"Fish, crustaceans, shellfish and other fishery products [M1140]",millions,25.1,
2014,Saskatchewan,Total demand,"Fish, crustaceans, shellfish and other fishery products [M1140]",millions,10.4,
2014,Saskatchewan,To Nova Scotia,"Fish, crustaceans, shellfish and other fishery products [M1140]",millions,0.0,
2014,Saskatchewan,To New Brunswick,"Fish, crustaceans, shellfish and other fishery products [M1140]",millions,0.0,
2014,Saskatchewan,To Quebec,"Fish, crustaceans, shellfish and other fishery products [M1140]",millions,0.3,
2014,Saskatchewan,To Ontario,"Fish, crustaceans, shellfish and other fishery products [M1140]",millions,0.3,
2014,Saskatchewan,To Manitoba,"Fish, crustaceans, shellfish and other fishery products [M1140]",millions,0.3,
2014,Saskatchewan,To Saskatchewan,"Fish, crustaceans, shellfish and other fishery products [M1140]",millions,1.6,
2014,Saskatchewan,To Alberta,"Fish, crustaceans, shellfish and other fishery products [M1140]",millions,0.0,
2014,Saskatchewan,To British Columbia,"Fish, crustaceans, shellfish and other fishery products [M1140]",millions,3.8,
2014,Saskatchewan,Interprovincial exports,"Fish, crustaceans, shellfish and other fishery products [M1140]",millions,4.8,
2014,Saskatchewan,Interprovincial imports,"Fish, crustaceans, shellfish and other fishery products [M1140]",millions,23.0,
2014,Saskatchewan,International exports,"Fish, crustaceans, shellfish and other fishery products [M1140]",millions,4.1,
2014,Saskatchewan,International imports,"Fish, crustaceans, shellfish and other fishery products [M1140]",millions,0.6,
2014,Alberta,Total supply,"Fish, crustaceans, shellfish and other fishery products [M1140]",millions,138.8,
2014,Alberta,Total demand,"Fish, crustaceans, shellfish and other fishery products [M1140]",millions,6.1,
2014,Alberta,To Alberta,"Fish, crustaceans, shellfish and other fishery products [M1140]",millions,6.0,
2014,Alberta,Interprovincial exports,"Fish, crustaceans, shellfish and other fishery products [M1140]",millions,0.0,
2014,Alberta,Interprovincial imports,"Fish, crustaceans, shellfish and other fishery products [M1140]",millions,127.9,
2014,Alberta,International exports,"Fish, crustaceans, shellfish and other fishery products [M1140]",millions,0.1,
2014,Alberta,International imports,"Fish, crustaceans, shellfish and other fishery products [M1140]",millions,4.9,
2014,British Columbia,Total supply,"Fish, crustaceans, shellfish and other fishery products [M1140]",millions,612.8,
2014,British Columbia,Total demand,"Fish, crustaceans, shellfish and other fishery products [M1140]",millions,1082.8,
2014,British Columbia,To Newfoundland and Labrador,"Fish, crustaceans, shellfish and other fishery products [M1140]",millions,0.6,
2014,British Columbia,To Prince Edward Island,"Fish, crustaceans, shellfish and other fishery products [M1140]",millions,0.1,
2014,British Columbia,To Nova Scotia,"Fish, crustaceans, shellfish and other fishery products [M1140]",millions,3.2,
2014,British Columbia,To New Brunswick,"Fish, crustaceans, shellfish and other fishery products [M1140]",millions,12.1,
2014,British Columbia,To Quebec,"Fish, crustaceans, shellfish and other fishery products [M1140]",millions,38.8,
2014,British Columbia,To Ontario,"Fish, crustaceans, shellfish and other fishery products [M1140]",millions,42.7,
2014,British Columbia,To Manitoba,"Fish, crustaceans, shellfish and other fishery products [M1140]",millions,38.0,
2014,British Columbia,To Saskatchewan,"Fish, crustaceans, shellfish and other fishery products [M1140]",millions,1.9,
2014,British Columbia,To Alberta,"Fish, crustaceans, shellfish and other fishery products [M1140]",millions,31.3,
2014,British Columbia,To British Columbia,"Fish, crustaceans, shellfish and other fishery products [M1140]",millions,310.9,
2014,British Columbia,To Yukon,"Fish, crustaceans, shellfish and other fishery products [M1140]",millions,0.0,
2014,British Columbia,To Northwest Territories,"Fish, crustaceans, shellfish and other fishery products [M1140]",millions,0.0,
2014,British Columbia,Interprovincial exports,"Fish, crustaceans, shellfish and other fishery products [M1140]",millions,168.8,
2014,British Columbia,Interprovincial imports,"Fish, crustaceans, shellfish and other fishery products [M1140]",millions,72.4,
2014,British Columbia,International exports,"Fish, crustaceans, shellfish and other fishery products [M1140]",millions,603.1,
2014,British Columbia,International imports,"Fish, crustaceans, shellfish and other fishery products [M1140]",millions,229.4,
2014,Yukon,Total supply,"Fish, crustaceans, shellfish and other fishery products [M1140]",millions,1.3,
2014,Yukon,Total demand,"Fish, crustaceans, shellfish and other fishery products [M1140]",millions,1.3,
2014,Yukon,To Quebec,"Fish, crustaceans, shellfish and other fishery products [M1140]",millions,0.1,
2014,Yukon,To British Columbia,"Fish, crustaceans, shellfish and other fishery products [M1140]",millions,0.9,
2014,Yukon,To Yukon,"Fish, crustaceans, shellfish and other fishery products [M1140]",millions,0.2,
2014,Yukon,Interprovincial exports,"Fish, crustaceans, shellfish and other fishery products [M1140]",millions,1.0,
2014,Yukon,Interprovincial imports,"Fish, crustaceans, shellfish and other fishery products [M1140]",millions,0.8,
2014,Yukon,International exports,"Fish, crustaceans, shellfish and other fishery products [M1140]",millions,0.1,
2014,Yukon,International imports,"Fish, crustaceans, shellfish and other fishery products [M1140]",millions,0.3,
2014,Northwest Territories,Total supply,"Fish, crustaceans, shellfish and other fishery products [M1140]",millions,2.2,
2014,Northwest Territories,Total demand,"Fish, crustaceans, shellfish and other fishery products [M1140]",millions,0.6,
2014,Northwest Territories,To Manitoba,"Fish, crustaceans, shellfish and other fishery products [M1140]",millions,0.4,
2014,Northwest Territories,To Northwest Territories,"Fish, crustaceans, shellfish and other fishery products [M1140]",millions,0.1,
2014,Northwest Territories,Interprovincial exports,"Fish, crustaceans, shellfish and other fishery products [M1140]",millions,0.4,
2014,Northwest Territories,Interprovincial imports,"Fish, crustaceans, shellfish and other fishery products [M1140]",millions,2.1,
2014,Northwest Territories,International exports,"Fish, crustaceans, shellfish and other fishery products [M1140]",millions,0.0,
2014,Nunavut,Total supply,"Fish, crustaceans, shellfish and other fishery products [M1140]",millions,2.6,
2014,Nunavut,Total demand,"Fish, crustaceans, shellfish and other fishery products [M1140]",millions,9.9,
2014,Nunavut,To Ontario,"Fish, crustaceans, shellfish and other fishery products [M1140]",millions,0.9,
2014,Nunavut,To Manitoba,"Fish, crustaceans, shellfish and other fishery products [M1140]",millions,1.0,
2014,Nunavut,To Alberta,"Fish, crustaceans, shellfish and other fishery products [M1140]",millions,2.6,
2014,Nunavut,To Northwest Territories,"Fish, crustaceans, shellfish and other fishery products [M1140]",millions,1.2,
2014,Nunavut,To Nunavut,"Fish, crustaceans, shellfish and other fishery products [M1140]",millions,2.6,
2014,Nunavut,Interprovincial exports,"Fish, crustaceans, shellfish and other fishery products [M1140]",millions,5.7,
2014,Nunavut,International exports,"Fish, crustaceans, shellfish and other fishery products [M1140]",millions,1.6,
2015,Canada,Total supply and total demand,"Fish, crustaceans, shellfish and other fishery products [M1140]",millions,6749.1,
2015,Canada,Interprovincial exports,"Fish, crustaceans, shellfish and other fishery products [M1140]",millions,1740.4,
2015,Canada,Interprovincial imports,"Fish, crustaceans, shellfish and other fishery products [M1140]",millions,1740.4,
2015,Canada,International exports,"Fish, crustaceans, shellfish and other fishery products [M1140]",millions,2094.2,
2015,Canada,International re-exports,"Fish, crustaceans, shellfish and other fishery products [M1140]",millions,20.5,
2015,Canada,International imports,"Fish, crustaceans, shellfish and other fishery products [M1140]",millions,993.4,
2015,Newfoundland and Labrador,Total supply,"Fish, crustaceans, shellfish and other fishery products [M1140]",millions,609.3,
2015,Newfoundland and Labrador,Total demand,"Fish, crustaceans, shellfish and other fishery products [M1140]",millions,1247.1,
2015,Newfoundland and Labrador,To Newfoundland and Labrador,"Fish, crustaceans, shellfish and other fishery products [M1140]",millions,564.6,
2015,Newfoundland and Labrador,To Prince Edward Island,"Fish, crustaceans, shellfish and other fishery products [M1140]",millions,25.5,
2015,Newfoundland and Labrador,To Nova Scotia,"Fish, crustaceans, shellfish and other fishery products [M1140]",millions,123.8,
2015,Newfoundland and Labrador,To New Brunswick,"Fish, crustaceans, shellfish and other fishery products [M1140]",millions,25.9,
2015,Newfoundland and Labrador,To Quebec,"Fish, crustaceans, shellfish and other fishery products [M1140]",millions,117.1,
2015,Newfoundland and Labrador,To Ontario,"Fish, crustaceans, shellfish and other fishery products [M1140]",millions,201.4,
2015,Newfoundland and Labrador,To Manitoba,"Fish, crustaceans, shellfish and other fishery products [M1140]",millions,42.2,
2015,Newfoundland and Labrador,To Saskatchewan,"Fish, crustaceans, shellfish and other fishery products [M1140]",millions,7.1,
2015,Newfoundland and Labrador,To Alberta,"Fish, crustaceans, shellfish and other fishery products [M1140]",millions,7.4,
2015,Newfoundland and Labrador,To British Columbia,"Fish, crustaceans, shellfish and other fishery products [M1140]",millions,20.8,
2015,Newfoundland and Labrador,To Yukon,"Fish, crustaceans, shellfish and other fishery products [M1140]",millions,0.8,
2015,Newfoundland and Labrador,Interprovincial exports,"Fish, crustaceans, shellfish and other fishery products [M1140]",millions,572.0,
2015,Newfoundland and Labrador,Interprovincial imports,"Fish, crustaceans, shellfish and other fishery products [M1140]",millions,42.4,
2015,Newfoundland and Labrador,International exports,"Fish, crustaceans, shellfish and other fishery products [M1140]",millions,110.5,
2015,Newfoundland and Labrador,International imports,"Fish, crustaceans, shellfish and other fishery products [M1140]",millions,2.3,
2015,Prince Edward Island,Total supply,"Fish, crustaceans, shellfish and other fishery products [M1140]",millions,239.1,
2015,Prince Edward Island,Total demand,"Fish, crustaceans, shellfish and other fishery products [M1140]",millions,261.4,
2015,Prince Edward Island,To Newfoundland and Labrador,"Fish, crustaceans, shellfish and other fishery products [M1140]",millions,0.0,
2015,Prince Edward Island,To Prince Edward Island,"Fish, crustaceans, shellfish and other fishery products [M1140]",millions,184.4,
2015,Prince Edward Island,To Nova Scotia,"Fish, crustaceans, shellfish and other fishery products [M1140]",millions,1.5,
2015,Prince Edward Island,To New Brunswick,"Fish, crustaceans, shellfish and other fishery products [M1140]",millions,1.9,
2015,Prince Edward Island,To Quebec,"Fish, crustaceans, shellfish and other fishery products [M1140]",millions,2.4,
2015,Prince Edward Island,To Ontario,"Fish, crustaceans, shellfish and other fishery products [M1140]",millions,2.4,
2015,Prince Edward Island,To Manitoba,"Fish, crustaceans, shellfish and other fishery products [M1140]",millions,0.4,
2015,Prince Edward Island,To Saskatchewan,"Fish, crustaceans, shellfish and other fishery products [M1140]",millions,0.0,
2015,Prince Edward Island,To Alberta,"Fish, crustaceans, shellfish and other fishery products [M1140]",millions,0.3,
2015,Prince Edward Island,Interprovincial exports,"Fish, crustaceans, shellfish and other fishery products [M1140]",millions,8.8,
2015,Prince Edward Island,Interprovincial imports,"Fish, crustaceans, shellfish and other fishery products [M1140]",millions,54.2,
2015,Prince Edward Island,International exports,"Fish, crustaceans, shellfish and other fishery products [M1140]",millions,68.1,
2015,Prince Edward Island,International imports,"Fish, crustaceans, shellfish and other fishery products [M1140]",millions,0.5,
2015,Nova Scotia,Total supply,"Fish, crustaceans, shellfish and other fishery products [M1140]",millions,556.9,
2015,Nova Scotia,Total demand,"Fish, crustaceans, shellfish and other fishery products [M1140]",millions,1590.0,
2015,Nova Scotia,To Newfoundland and Labrador,"Fish, crustaceans, shellfish and other fishery products [M1140]",millions,21.1,
2015,Nova Scotia,To Prince Edward Island,"Fish, crustaceans, shellfish and other fishery products [M1140]",millions,26.5,
2015,Nova Scotia,To Nova Scotia,"Fish, crustaceans, shellfish and other fishery products [M1140]",millions,379.4,
2015,Nova Scotia,To New Brunswick,"Fish, crustaceans, shellfish and other fishery products [M1140]",millions,128.2,
2015,Nova Scotia,To Quebec,"Fish, crustaceans, shellfish and other fishery products [M1140]",millions,60.8,
2015,Nova Scotia,To Ontario,"Fish, crustaceans, shellfish and other fishery products [M1140]",millions,158.7,
2015,Nova Scotia,To Manitoba,"Fish, crustaceans, shellfish and other fishery products [M1140]",millions,1.0,
2015,Nova Scotia,To Saskatchewan,"Fish, crustaceans, shellfish and other fishery products [M1140]",millions,0.3,
2015,Nova Scotia,To Alberta,"Fish, crustaceans, shellfish and other fishery products [M1140]",millions,15.7,
2015,Nova Scotia,To British Columbia,"Fish, crustaceans, shellfish and other fishery products [M1140]",millions,22.2,
2015,Nova Scotia,Interprovincial exports,"Fish, crustaceans, shellfish and other fishery products [M1140]",millions,434.5,
2015,Nova Scotia,Interprovincial imports,"Fish, crustaceans, shellfish and other fishery products [M1140]",millions,153.4,
2015,Nova Scotia,International exports,"Fish, crustaceans, shellfish and other fishery products [M1140]",millions,776.1,
2015,Nova Scotia,International imports,"Fish, crustaceans, shellfish and other fishery products [M1140]",millions,24.1,
2015,New Brunswick,Total supply,"Fish, crustaceans, shellfish and other fishery products [M1140]",millions,802.7,
2015,New Brunswick,Total demand,"Fish, crustaceans, shellfish and other fishery products [M1140]",millions,756.1,
2015,New Brunswick,To Newfoundland and Labrador,"Fish, crustaceans, shellfish and other fishery products [M1140]",millions,20.6,
2015,New Brunswick,To Prince Edward Island,"Fish, crustaceans, shellfish and other fishery products [M1140]",millions,1.7,
2015,New Brunswick,To Nova Scotia,"Fish, crustaceans, shellfish and other fishery products [M1140]",millions,12.5,
2015,New Brunswick,To New Brunswick,"Fish, crustaceans, shellfish and other fishery products [M1140]",millions,154.2,
2015,New Brunswick,To Quebec,"Fish, crustaceans, shellfish and other fishery products [M1140]",millions,114.6,
2015,New Brunswick,To Ontario,"Fish, crustaceans, shellfish and other fishery products [M1140]",millions,109.5,
2015,New Brunswick,To Manitoba,"Fish, crustaceans, shellfish and other fishery products [M1140]",millions,9.8,
2015,New Brunswick,To Saskatchewan,"Fish, crustaceans, shellfish and other fishery products [M1140]",millions,0.2,
2015,New Brunswick,To Alberta,"Fish, crustaceans, shellfish and other fishery products [M1140]",millions,4.2,
2015,New Brunswick,To British Columbia,"Fish, crustaceans, shellfish and other fishery products [M1140]",millions,1.8,
2015,New Brunswick,Interprovincial exports,"Fish, crustaceans, shellfish and other fishery products [M1140]",millions,274.8,
2015,New Brunswick,Interprovincial imports,"Fish, crustaceans, shellfish and other fishery products [M1140]",millions,171.8,
2015,New Brunswick,International exports,"Fish, crustaceans, shellfish and other fishery products [M1140]",millions,327.1,
2015,New Brunswick,International imports,"Fish, crustaceans, shellfish and other fishery products [M1140]",millions,476.7,
2015,Quebec,Total supply,"Fish, crustaceans, shellfish and other fishery products [M1140]",millions,630.6,
2015,Quebec,Total demand,"Fish, crustaceans, shellfish and other fishery products [M1140]",millions,454.5,
2015,Quebec,To Newfoundland and Labrador,"Fish, crustaceans, shellfish and other fishery products [M1140]",millions,0.3,
2015,Quebec,To Prince Edward Island,"Fish, crustaceans, shellfish and other fishery products [M1140]",millions,0.3,
2015,Quebec,To Nova Scotia,"Fish, crustaceans, shellfish and other fishery products [M1140]",millions,2.4,
2015,Quebec,To Quebec,"Fish, crustaceans, shellfish and other fishery products [M1140]",millions,232.6,
2015,Quebec,To Ontario,"Fish, crustaceans, shellfish and other fishery products [M1140]",millions,106.5,
2015,Quebec,To Manitoba,"Fish, crustaceans, shellfish and other fishery products [M1140]",millions,2.2,
2015,Quebec,To Saskatchewan,"Fish, crustaceans, shellfish and other fishery products [M1140]",millions,8.9,
2015,Quebec,To Alberta,"Fish, crustaceans, shellfish and other fishery products [M1140]",millions,55.3,
2015,Quebec,To British Columbia,"Fish, crustaceans, shellfish and other fishery products [M1140]",millions,15.4,
2015,Quebec,Interprovincial exports,"Fish, crustaceans, shellfish and other fishery products [M1140]",millions,191.4,
2015,Quebec,Interprovincial imports,"Fish, crustaceans, shellfish and other fishery products [M1140]",millions,347.8,
2015,Quebec,International exports,"Fish, crustaceans, shellfish and other fishery products [M1140]",millions,30.5,
2015,Quebec,International imports,"Fish, crustaceans, shellfish and other fishery products [M1140]",millions,50.2,
2015,Ontario,Total supply,"Fish, crustaceans, shellfish and other fishery products [M1140]",millions,861.8,
2015,Ontario,Total demand,"Fish, crustaceans, shellfish and other fishery products [M1140]",millions,175.1,
2015,Ontario,To Nova Scotia,"Fish, crustaceans, shellfish and other fishery products [M1140]",millions,6.1,
2015,Ontario,To New Brunswick,"Fish, crustaceans, shellfish and other fishery products [M1140]",millions,1.4,
2015,Ontario,To Quebec,"Fish, crustaceans, shellfish and other fishery products [M1140]",millions,20.0,
2015,Ontario,To Ontario,"Fish, crustaceans, shellfish and other fishery products [M1140]",millions,61.0,
2015,Ontario,To Manitoba,"Fish, crustaceans, shellfish and other fishery products [M1140]",millions,0.7,
2015,Ontario,To Saskatchewan,"Fish, crustaceans, shellfish and other fishery products [M1140]",millions,5.4,
2015,Ontario,To Alberta,"Fish, crustaceans, shellfish and other fishery products [M1140]",millions,18.9,
2015,Ontario,To British Columbia,"Fish, crustaceans, shellfish and other fishery products [M1140]",millions,16.3,
2015,Ontario,To Northwest Territories,"Fish, crustaceans, shellfish and other fishery products [M1140]",millions,0.6,
2015,Ontario,Interprovincial exports,"Fish, crustaceans, shellfish and other fishery products [M1140]",millions,69.3,
2015,Ontario,Interprovincial imports,"Fish, crustaceans, shellfish and other fishery products [M1140]",millions,632.3,
2015,Ontario,International exports,"Fish, crustaceans, shellfish and other fishery products [M1140]",millions,44.8,
2015,Ontario,International imports,"Fish, crustaceans, shellfish and other fishery products [M1140]",millions,168.5,
2015,Manitoba,Total supply,"Fish, crustaceans, shellfish and other fishery products [M1140]",millions,94.1,
2015,Manitoba,Total demand,"Fish, crustaceans, shellfish and other fishery products [M1140]",millions,31.6,
2015,Manitoba,To Newfoundland and Labrador,"Fish, crustaceans, shellfish and other fishery products [M1140]",millions,0.0,
2015,Manitoba,To Nova Scotia,"Fish, crustaceans, shellfish and other fishery products [M1140]",millions,3.5,
2015,Manitoba,To New Brunswick,"Fish, crustaceans, shellfish and other fishery products [M1140]",millions,0.4,
2015,Manitoba,To Quebec,"Fish, crustaceans, shellfish and other fishery products [M1140]",millions,0.0,
2015,Manitoba,To Ontario,"Fish, crustaceans, shellfish and other fishery products [M1140]",millions,11.2,
2015,Manitoba,To Manitoba,"Fish, crustaceans, shellfish and other fishery products [M1140]",millions,3.0,
2015,Manitoba,To Saskatchewan,"Fish, crustaceans, shellfish and other fishery products [M1140]",millions,0.6,
2015,Manitoba,To Alberta,"Fish, crustaceans, shellfish and other fishery products [M1140]",millions,2.2,
2015,Manitoba,To British Columbia,"Fish, crustaceans, shellfish and other fishery products [M1140]",millions,0.6,
2015,Manitoba,Interprovincial exports,"Fish, crustaceans, shellfish and other fishery products [M1140]",millions,18.4,
2015,Manitoba,Interprovincial imports,"Fish, crustaceans, shellfish and other fishery products [M1140]",millions,90.5,
2015,Manitoba,International exports,"Fish, crustaceans, shellfish and other fishery products [M1140]",millions,10.1,
2015,Manitoba,International imports,"Fish, crustaceans, shellfish and other fishery products [M1140]",millions,0.7,
2015,Saskatchewan,Total supply,"Fish, crustaceans, shellfish and other fishery products [M1140]",millions,26.5,
2015,Saskatchewan,Total demand,"Fish, crustaceans, shellfish and other fishery products [M1140]",millions,10.6,
2015,Saskatchewan,To Nova Scotia,"Fish, crustaceans, shellfish and other fishery products [M1140]",millions,0.0,
2015,Saskatchewan,To New Brunswick,"Fish, crustaceans, shellfish and other fishery products [M1140]",millions,0.1,
2015,Saskatchewan,To Quebec,"Fish, crustaceans, shellfish and other fishery products [M1140]",millions,0.4,
2015,Saskatchewan,To Ontario,"Fish, crustaceans, shellfish and other fishery products [M1140]",millions,0.4,
2015,Saskatchewan,To Manitoba,"Fish, crustaceans, shellfish and other fishery products [M1140]",millions,0.3,
2015,Saskatchewan,To Saskatchewan,"Fish, crustaceans, shellfish and other fishery products [M1140]",millions,1.9,
2015,Saskatchewan,To Alberta,"Fish, crustaceans, shellfish and other fishery products [M1140]",millions,0.0,
2015,Saskatchewan,To British Columbia,"Fish, crustaceans, shellfish and other fishery products [M1140]",millions,5.8,
2015,Saskatchewan,Interprovincial exports,"Fish, crustaceans, shellfish and other fishery products [M1140]",millions,7.0,
2015,Saskatchewan,Interprovincial imports,"Fish, crustaceans, shellfish and other fishery products [M1140]",millions,24.1,
2015,Saskatchewan,International exports,"Fish, crustaceans, shellfish and other fishery products [M1140]",millions,1.7,
2015,Saskatchewan,International imports,"Fish, crustaceans, shellfish and other fishery products [M1140]",millions,0.5,
2015,Alberta,Total supply,"Fish, crustaceans, shellfish and other fishery products [M1140]",millions,149.9,
2015,Alberta,Total demand,"Fish, crustaceans, shellfish and other fishery products [M1140]",millions,8.7,
2015,Alberta,To Alberta,"Fish, crustaceans, shellfish and other fishery products [M1140]",millions,8.6,
2015,Alberta,Interprovincial exports,"Fish, crustaceans, shellfish and other fishery products [M1140]",millions,0.0,
2015,Alberta,Interprovincial imports,"Fish, crustaceans, shellfish and other fishery products [M1140]",millions,136.7,
2015,Alberta,International exports,"Fish, crustaceans, shellfish and other fishery products [M1140]",millions,0.1,
2015,Alberta,International imports,"Fish, crustaceans, shellfish and other fishery products [M1140]",millions,4.6,
2015,British Columbia,Total supply,"Fish, crustaceans, shellfish and other fishery products [M1140]",millions,656.6,
2015,British Columbia,Total demand,"Fish, crustaceans, shellfish and other fishery products [M1140]",millions,1203.3,
2015,British Columbia,To Newfoundland and Labrador,"Fish, crustaceans, shellfish and other fishery products [M1140]",millions,0.5,
2015,British Columbia,To Prince Edward Island,"Fish, crustaceans, shellfish and other fishery products [M1140]",millions,0.2,
2015,British Columbia,To Nova Scotia,"Fish, crustaceans, shellfish and other fishery products [M1140]",millions,3.6,
2015,British Columbia,To New Brunswick,"Fish, crustaceans, shellfish and other fishery products [M1140]",millions,14.0,
2015,British Columbia,To Quebec,"Fish, crustaceans, shellfish and other fishery products [M1140]",millions,32.6,
2015,British Columbia,To Ontario,"Fish, crustaceans, shellfish and other fishery products [M1140]",millions,39.8,
2015,British Columbia,To Manitoba,"Fish, crustaceans, shellfish and other fishery products [M1140]",millions,31.6,
2015,British Columbia,To Saskatchewan,"Fish, crustaceans, shellfish and other fishery products [M1140]",millions,1.6,
2015,British Columbia,To Alberta,"Fish, crustaceans, shellfish and other fishery products [M1140]",millions,28.0,
2015,British Columbia,To British Columbia,"Fish, crustaceans, shellfish and other fishery products [M1140]",millions,327.7,
2015,British Columbia,To Yukon,"Fish, crustaceans, shellfish and other fishery products [M1140]",millions,0.0,
2015,British Columbia,To Northwest Territories,"Fish, crustaceans, shellfish and other fishery products [M1140]",millions,0.0,
2015,British Columbia,Interprovincial exports,"Fish, crustaceans, shellfish and other fishery products [M1140]",millions,151.8,
2015,British Columbia,Interprovincial imports,"Fish, crustaceans, shellfish and other fishery products [M1140]",millions,84.3,
2015,British Columbia,International exports,"Fish, crustaceans, shellfish and other fishery products [M1140]",millions,723.7,
2015,British Columbia,International imports,"Fish, crustaceans, shellfish and other fishery products [M1140]",millions,244.6,
2015,Yukon,Total supply,"Fish, crustaceans, shellfish and other fishery products [M1140]",millions,1.4,
2015,Yukon,Total demand,"Fish, crustaceans, shellfish and other fishery products [M1140]",millions,1.7,
2015,Yukon,To Quebec,"Fish, crustaceans, shellfish and other fishery products [M1140]",millions,0.1,
2015,Yukon,To British Columbia,"Fish, crustaceans, shellfish and other fishery products [M1140]",millions,1.4,
2015,Yukon,To Yukon,"Fish, crustaceans, shellfish and other fishery products [M1140]",millions,0.2,
2015,Yukon,Interprovincial exports,"Fish, crustaceans, shellfish and other fishery products [M1140]",millions,1.5,
2015,Yukon,Interprovincial imports,"Fish, crustaceans, shellfish and other fishery products [M1140]",millions,0.9,
2015,Yukon,International exports,"Fish, crustaceans, shellfish and other fishery products [M1140]",millions,0.0,
2015,Yukon,International imports,"Fish, crustaceans, shellfish and other fishery products [M1140]",millions,0.2,
2015,Northwest Territories,Total supply,"Fish, crustaceans, shellfish and other fishery products [M1140]",millions,2.1,
2015,Northwest Territories,Total demand,"Fish, crustaceans, shellfish and other fishery products [M1140]",millions,0.8,
2015,Northwest Territories,To Manitoba,"Fish, crustaceans, shellfish and other fishery products [M1140]",millions,0.5,
2015,Northwest Territories,To Northwest Territories,"Fish, crustaceans, shellfish and other fishery products [M1140]",millions,0.1,
2015,Northwest Territories,Interprovincial exports,"Fish, crustaceans, shellfish and other fishery products [M1140]",millions,0.5,
2015,Northwest Territories,Interprovincial imports,"Fish, crustaceans, shellfish and other fishery products [M1140]",millions,2.1,
2015,Northwest Territories,International exports,"Fish, crustaceans, shellfish and other fishery products [M1140]",millions,0.2,
2015,Nunavut,Total supply,"Fish, crustaceans, shellfish and other fishery products [M1140]",millions,3.4,
2015,Nunavut,Total demand,"Fish, crustaceans, shellfish and other fishery products [M1140]",millions,15.0,
2015,Nunavut,To Ontario,"Fish, crustaceans, shellfish and other fishery products [M1140]",millions,2.3,
2015,Nunavut,To Manitoba,"Fish, crustaceans, shellfish and other fishery products [M1140]",millions,1.8,
2015,Nunavut,To Alberta,"Fish, crustaceans, shellfish and other fishery products [M1140]",millions,4.8,
2015,Nunavut,To Northwest Territories,"Fish, crustaceans, shellfish and other fishery products [M1140]",millions,1.5,
2015,Nunavut,To Nunavut,"Fish, crustaceans, shellfish and other fishery products [M1140]",millions,3.4,
2015,Nunavut,Interprovincial exports,"Fish, crustaceans, shellfish and other fishery products [M1140]",millions,10.3,
2015,Nunavut,International exports,"Fish, crustaceans, shellfish and other fishery products [M1140]",millions,1.4,
2016,Canada,Total supply and total demand,"Fish, crustaceans, shellfish and other fishery products [M1140]",millions,7771.4,
2016,Canada,Interprovincial exports,"Fish, crustaceans, shellfish and other fishery products [M1140]",millions,1840.5,
2016,Canada,Interprovincial imports,"Fish, crustaceans, shellfish and other fishery products [M1140]",millions,1840.5,
2016,Canada,International exports,"Fish, crustaceans, shellfish and other fishery products [M1140]",millions,2372.1,
2016,Canada,International re-exports,"Fish, crustaceans, shellfish and other fishery products [M1140]",millions,18.8,
2016,Canada,International imports,"Fish, crustaceans, shellfish and other fishery products [M1140]",millions,1171.9,
2016,Newfoundland and Labrador,Total supply,"Fish, crustaceans, shellfish and other fishery products [M1140]",millions,633.9,
2016,Newfoundland and Labrador,Total demand,"Fish, crustaceans, shellfish and other fishery products [M1140]",millions,1253.6,
2016,Newfoundland and Labrador,To Newfoundland and Labrador,"Fish, crustaceans, shellfish and other fishery products [M1140]",millions,584.0,
2016,Newfoundland and Labrador,To Prince Edward Island,"Fish, crustaceans, shellfish and other fishery products [M1140]",millions,18.1,
2016,Newfoundland and Labrador,To Nova Scotia,"Fish, crustaceans, shellfish and other fishery products [M1140]",millions,129.0,
2016,Newfoundland and Labrador,To New Brunswick,"Fish, crustaceans, shellfish and other fishery products [M1140]",millions,19.9,
2016,Newfoundland and Labrador,To Quebec,"Fish, crustaceans, shellfish and other fishery products [M1140]",millions,117.6,
2016,Newfoundland and Labrador,To Ontario,"Fish, crustaceans, shellfish and other fishery products [M1140]",millions,187.5,
2016,Newfoundland and Labrador,To Manitoba,"Fish, crustaceans, shellfish and other fishery products [M1140]",millions,37.3,
2016,Newfoundland and Labrador,To Saskatchewan,"Fish, crustaceans, shellfish and other fishery products [M1140]",millions,6.2,
2016,Newfoundland and Labrador,To Alberta,"Fish, crustaceans, shellfish and other fishery products [M1140]",millions,6.6,
2016,Newfoundland and Labrador,To British Columbia,"Fish, crustaceans, shellfish and other fishery products [M1140]",millions,14.0,
2016,Newfoundland and Labrador,To Yukon,"Fish, crustaceans, shellfish and other fishery products [M1140]",millions,0.7,
2016,Newfoundland and Labrador,Interprovincial exports,"Fish, crustaceans, shellfish and other fishery products [M1140]",millions,537.0,
2016,Newfoundland and Labrador,Interprovincial imports,"Fish, crustaceans, shellfish and other fishery products [M1140]",millions,46.4,
2016,Newfoundland and Labrador,International exports,"Fish, crustaceans, shellfish and other fishery products [M1140]",millions,132.6,
2016,Newfoundland and Labrador,International imports,"Fish, crustaceans, shellfish and other fishery products [M1140]",millions,3.5,
2016,Prince Edward Island,Total supply,"Fish, crustaceans, shellfish and other fishery products [M1140]",millions,275.6,
2016,Prince Edward Island,Total demand,"Fish, crustaceans, shellfish and other fishery products [M1140]",millions,317.1,
2016,Prince Edward Island,To Newfoundland and Labrador,"Fish, crustaceans, shellfish and other fishery products [M1140]",millions,0.0,
2016,Prince Edward Island,To Prince Edward Island,"Fish, crustaceans, shellfish and other fishery products [M1140]",millions,235.8,
2016,Prince Edward Island,To Nova Scotia,"Fish, crustaceans, shellfish and other fishery products [M1140]",millions,2.6,
2016,Prince Edward Island,To New Brunswick,"Fish, crustaceans, shellfish and other fishery products [M1140]",millions,2.4,
2016,Prince Edward Island,To Quebec,"Fish, crustaceans, shellfish and other fishery products [M1140]",millions,3.6,
2016,Prince Edward Island,To Ontario,"Fish, crustaceans, shellfish and other fishery products [M1140]",millions,3.6,
2016,Prince Edward Island,To Manitoba,"Fish, crustaceans, shellfish and other fishery products [M1140]",millions,0.6,
2016,Prince Edward Island,To Saskatchewan,"Fish, crustaceans, shellfish and other fishery products [M1140]",millions,0.0,
2016,Prince Edward Island,To Alberta,"Fish, crustaceans, shellfish and other fishery products [M1140]",millions,0.4,
2016,Prince Edward Island,Interprovincial exports,"Fish, crustaceans, shellfish and other fishery products [M1140]",millions,13.2,
2016,Prince Edward Island,Interprovincial imports,"Fish, crustaceans, shellfish and other fishery products [M1140]",millions,39.1,
2016,Prince Edward Island,International exports,"Fish, crustaceans, shellfish and other fishery products [M1140]",millions,68.1,
2016,Prince Edward Island,International imports,"Fish, crustaceans, shellfish and other fishery products [M1140]",millions,0.6,
2016,Nova Scotia,Total supply,"Fish, crustaceans, shellfish and other fishery products [M1140]",millions,778.5,
2016,Nova Scotia,Total demand,"Fish, crustaceans, shellfish and other fishery products [M1140]",millions,1802.4,
2016,Nova Scotia,To Newfoundland and Labrador,"Fish, crustaceans, shellfish and other fishery products [M1140]",millions,22.6,
2016,Nova Scotia,To Prince Edward Island,"Fish, crustaceans, shellfish and other fishery products [M1140]",millions,19.1,
2016,Nova Scotia,To Nova Scotia,"Fish, crustaceans, shellfish and other fishery products [M1140]",millions,567.6,
2016,Nova Scotia,To New Brunswick,"Fish, crustaceans, shellfish and other fishery products [M1140]",millions,131.4,
2016,Nova Scotia,To Quebec,"Fish, crustaceans, shellfish and other fishery products [M1140]",millions,67.6,
2016,Nova Scotia,To Ontario,"Fish, crustaceans, shellfish and other fishery products [M1140]",millions,162.3,
2016,Nova Scotia,To Manitoba,"Fish, crustaceans, shellfish and other fishery products [M1140]",millions,1.0,
2016,Nova Scotia,To Saskatchewan,"Fish, crustaceans, shellfish and other fishery products [M1140]",millions,0.3,
2016,Nova Scotia,To Alberta,"Fish, crustaceans, shellfish and other fishery products [M1140]",millions,16.2,
2016,Nova Scotia,To British Columbia,"Fish, crustaceans, shellfish and other fishery products [M1140]",millions,17.9,
2016,Nova Scotia,Interprovincial exports,"Fish, crustaceans, shellfish and other fishery products [M1140]",millions,438.5,
2016,Nova Scotia,Interprovincial imports,"Fish, crustaceans, shellfish and other fishery products [M1140]",millions,174.2,
2016,Nova Scotia,International exports,"Fish, crustaceans, shellfish and other fishery products [M1140]",millions,796.2,
2016,Nova Scotia,International imports,"Fish, crustaceans, shellfish and other fishery products [M1140]",millions,36.7,
2016,New Brunswick,Total supply,"Fish, crustaceans, shellfish and other fishery products [M1140]",millions,902.2,
2016,New Brunswick,Total demand,"Fish, crustaceans, shellfish and other fishery products [M1140]",millions,951.8,
2016,New Brunswick,To Newfoundland and Labrador,"Fish, crustaceans, shellfish and other fishery products [M1140]",millions,22.8,
2016,New Brunswick,To Prince Edward Island,"Fish, crustaceans, shellfish and other fishery products [M1140]",millions,1.5,
2016,New Brunswick,To Nova Scotia,"Fish, crustaceans, shellfish and other fishery products [M1140]",millions,20.4,
2016,New Brunswick,To New Brunswick,"Fish, crustaceans, shellfish and other fishery products [M1140]",millions,212.3,
2016,New Brunswick,To Quebec,"Fish, crustaceans, shellfish and other fishery products [M1140]",millions,138.6,
2016,New Brunswick,To Ontario,"Fish, crustaceans, shellfish and other fishery products [M1140]",millions,132.9,
2016,New Brunswick,To Manitoba,"Fish, crustaceans, shellfish and other fishery products [M1140]",millions,11.0,
2016,New Brunswick,To Saskatchewan,"Fish, crustaceans, shellfish and other fishery products [M1140]",millions,0.2,
2016,New Brunswick,To Alberta,"Fish, crustaceans, shellfish and other fishery products [M1140]",millions,4.7,
2016,New Brunswick,To British Columbia,"Fish, crustaceans, shellfish and other fishery products [M1140]",millions,2.0,
2016,New Brunswick,Interprovincial exports,"Fish, crustaceans, shellfish and other fishery products [M1140]",millions,334.1,
2016,New Brunswick,Interprovincial imports,"Fish, crustaceans, shellfish and other fishery products [M1140]",millions,168.9,
2016,New Brunswick,International exports,"Fish, crustaceans, shellfish and other fishery products [M1140]",millions,405.4,
2016,New Brunswick,International imports,"Fish, crustaceans, shellfish and other fishery products [M1140]",millions,521.0,
2016,Quebec,Total supply,"Fish, crustaceans, shellfish and other fishery products [M1140]",millions,725.4,
2016,Quebec,Total demand,"Fish, crustaceans, shellfish and other fishery products [M1140]",millions,516.1,
2016,Quebec,To Newfoundland and Labrador,"Fish, crustaceans, shellfish and other fishery products [M1140]",millions,0.4,
2016,Quebec,To Prince Edward Island,"Fish, crustaceans, shellfish and other fishery products [M1140]",millions,0.3,
2016,Quebec,To Nova Scotia,"Fish, crustaceans, shellfish and other fishery products [M1140]",millions,3.5,
2016,Quebec,To Quebec,"Fish, crustaceans, shellfish and other fishery products [M1140]",millions,272.3,
2016,Quebec,To Ontario,"Fish, crustaceans, shellfish and other fishery products [M1140]",millions,121.9,
2016,Quebec,To Manitoba,"Fish, crustaceans, shellfish and other fishery products [M1140]",millions,2.6,
2016,Quebec,To Saskatchewan,"Fish, crustaceans, shellfish and other fishery products [M1140]",millions,10.1,
2016,Quebec,To Alberta,"Fish, crustaceans, shellfish and other fishery products [M1140]",millions,67.1,
2016,Quebec,To British Columbia,"Fish, crustaceans, shellfish and other fishery products [M1140]",millions,15.4,
2016,Quebec,Interprovincial exports,"Fish, crustaceans, shellfish and other fishery products [M1140]",millions,221.4,
2016,Quebec,Interprovincial imports,"Fish, crustaceans, shellfish and other fishery products [M1140]",millions,387.8,
2016,Quebec,International exports,"Fish, crustaceans, shellfish and other fishery products [M1140]",millions,22.4,
2016,Quebec,International imports,"Fish, crustaceans, shellfish and other fishery products [M1140]",millions,65.3,
2016,Ontario,Total supply,"Fish, crustaceans, shellfish and other fishery products [M1140]",millions,976.9,
2016,Ontario,Total demand,"Fish, crustaceans, shellfish and other fishery products [M1140]",millions,210.9,
2016,Ontario,To Nova Scotia,"Fish, crustaceans, shellfish and other fishery products [M1140]",millions,8.7,
2016,Ontario,To New Brunswick,"Fish, crustaceans, shellfish and other fishery products [M1140]",millions,1.4,
2016,Ontario,To Quebec,"Fish, crustaceans, shellfish and other fishery products [M1140]",millions,24.3,
2016,Ontario,To Ontario,"Fish, crustaceans, shellfish and other fishery products [M1140]",millions,80.9,
2016,Ontario,To Manitoba,"Fish, crustaceans, shellfish and other fishery products [M1140]",millions,0.9,
2016,Ontario,To Saskatchewan,"Fish, crustaceans, shellfish and other fishery products [M1140]",millions,6.4,
2016,Ontario,To Alberta,"Fish, crustaceans, shellfish and other fishery products [M1140]",millions,26.5,
2016,Ontario,To British Columbia,"Fish, crustaceans, shellfish and other fishery products [M1140]",millions,14.2,
2016,Ontario,To Northwest Territories,"Fish, crustaceans, shellfish and other fishery products [M1140]",millions,0.5,
2016,Ontario,Interprovincial exports,"Fish, crustaceans, shellfish and other fishery products [M1140]",millions,83.0,
2016,Ontario,Interprovincial imports,"Fish, crustaceans, shellfish and other fishery products [M1140]",millions,669.9,
2016,Ontario,International exports,"Fish, crustaceans, shellfish and other fishery products [M1140]",millions,47.0,
2016,Ontario,International imports,"Fish, crustaceans, shellfish and other fishery products [M1140]",millions,226.1,
2016,Manitoba,Total supply,"Fish, crustaceans, shellfish and other fishery products [M1140]",millions,99.6,
2016,Manitoba,Total demand,"Fish, crustaceans, shellfish and other fishery products [M1140]",millions,41.0,
2016,Manitoba,To Newfoundland and Labrador,"Fish, crustaceans, shellfish and other fishery products [M1140]",millions,0.0,
2016,Manitoba,To Nova Scotia,"Fish, crustaceans, shellfish and other fishery products [M1140]",millions,5.3,
2016,Manitoba,To New Brunswick,"Fish, crustaceans, shellfish and other fishery products [M1140]",millions,0.4,
2016,Manitoba,To Quebec,"Fish, crustaceans, shellfish and other fishery products [M1140]",millions,0.0,
2016,Manitoba,To Ontario,"Fish, crustaceans, shellfish and other fishery products [M1140]",millions,14.4,
2016,Manitoba,To Manitoba,"Fish, crustaceans, shellfish and other fishery products [M1140]",millions,6.9,
2016,Manitoba,To Saskatchewan,"Fish, crustaceans, shellfish and other fishery products [M1140]",millions,0.8,
2016,Manitoba,To Alberta,"Fish, crustaceans, shellfish and other fishery products [M1140]",millions,2.8,
2016,Manitoba,To British Columbia,"Fish, crustaceans, shellfish and other fishery products [M1140]",millions,0.7,
2016,Manitoba,Interprovincial exports,"Fish, crustaceans, shellfish and other fishery products [M1140]",millions,24.5,
2016,Manitoba,Interprovincial imports,"Fish, crustaceans, shellfish and other fishery products [M1140]",millions,91.8,
2016,Manitoba,International exports,"Fish, crustaceans, shellfish and other fishery products [M1140]",millions,9.6,
2016,Manitoba,International imports,"Fish, crustaceans, shellfish and other fishery products [M1140]",millions,0.8,
2016,Saskatchewan,Total supply,"Fish, crustaceans, shellfish and other fishery products [M1140]",millions,29.4,
2016,Saskatchewan,Total demand,"Fish, crustaceans, shellfish and other fishery products [M1140]",millions,12.4,
2016,Saskatchewan,To Nova Scotia,"Fish, crustaceans, shellfish and other fishery products [M1140]",millions,0.0,
2016,Saskatchewan,To New Brunswick,"Fish, crustaceans, shellfish and other fishery products [M1140]",millions,0.1,
2016,Saskatchewan,To Quebec,"Fish, crustaceans, shellfish and other fishery products [M1140]",millions,0.3,
2016,Saskatchewan,To Ontario,"Fish, crustaceans, shellfish and other fishery products [M1140]",millions,0.4,
2016,Saskatchewan,To Manitoba,"Fish, crustaceans, shellfish and other fishery products [M1140]",millions,0.3,
2016,Saskatchewan,To Saskatchewan,"Fish, crustaceans, shellfish and other fishery products [M1140]",millions,2.8,
2016,Saskatchewan,To Alberta,"Fish, crustaceans, shellfish and other fishery products [M1140]",millions,0.0,
2016,Saskatchewan,To British Columbia,"Fish, crustaceans, shellfish and other fishery products [M1140]",millions,5.2,
2016,Saskatchewan,Interprovincial exports,"Fish, crustaceans, shellfish and other fishery products [M1140]",millions,6.4,
2016,Saskatchewan,Interprovincial imports,"Fish, crustaceans, shellfish and other fishery products [M1140]",millions,25.9,
2016,Saskatchewan,International exports,"Fish, crustaceans, shellfish and other fishery products [M1140]",millions,3.2,
2016,Saskatchewan,International imports,"Fish, crustaceans, shellfish and other fishery products [M1140]",millions,0.7,
2016,Alberta,Total supply,"Fish, crustaceans, shellfish and other fishery products [M1140]",millions,172.3,
2016,Alberta,Total demand,"Fish, crustaceans, shellfish and other fishery products [M1140]",millions,4.0,
2016,Alberta,To Alberta,"Fish, crustaceans, shellfish and other fishery products [M1140]",millions,3.9,
2016,Alberta,Interprovincial exports,"Fish, crustaceans, shellfish and other fishery products [M1140]",millions,0.0,
2016,Alberta,Interprovincial imports,"Fish, crustaceans, shellfish and other fishery products [M1140]",millions,162.6,
2016,Alberta,International exports,"Fish, crustaceans, shellfish and other fishery products [M1140]",millions,0.1,
2016,Alberta,International imports,"Fish, crustaceans, shellfish and other fishery products [M1140]",millions,5.9,
2016,British Columbia,Total supply,"Fish, crustaceans, shellfish and other fishery products [M1140]",millions,779.9,
2016,British Columbia,Total demand,"Fish, crustaceans, shellfish and other fishery products [M1140]",millions,1469.0,
2016,British Columbia,To Newfoundland and Labrador,"Fish, crustaceans, shellfish and other fishery products [M1140]",millions,0.6,
2016,British Columbia,To Prince Edward Island,"Fish, crustaceans, shellfish and other fishery products [M1140]",millions,0.2,
2016,British Columbia,To Nova Scotia,"Fish, crustaceans, shellfish and other fishery products [M1140]",millions,4.7,
2016,British Columbia,To New Brunswick,"Fish, crustaceans, shellfish and other fishery products [M1140]",millions,13.2,
2016,British Columbia,To Quebec,"Fish, crustaceans, shellfish and other fishery products [M1140]",millions,35.7,
2016,British Columbia,To Ontario,"Fish, crustaceans, shellfish and other fishery products [M1140]",millions,43.6,
2016,British Columbia,To Manitoba,"Fish, crustaceans, shellfish and other fishery products [M1140]",millions,34.8,
2016,British Columbia,To Saskatchewan,"Fish, crustaceans, shellfish and other fishery products [M1140]",millions,1.8,
2016,British Columbia,To Alberta,"Fish, crustaceans, shellfish and other fishery products [M1140]",millions,31.1,
2016,British Columbia,To British Columbia,"Fish, crustaceans, shellfish and other fishery products [M1140]",millions,416.9,
2016,British Columbia,To Yukon,"Fish, crustaceans, shellfish and other fishery products [M1140]",millions,0.0,
2016,British Columbia,To Northwest Territories,"Fish, crustaceans, shellfish and other fishery products [M1140]",millions,0.0,
2016,British Columbia,Interprovincial exports,"Fish, crustaceans, shellfish and other fishery products [M1140]",millions,165.8,
2016,British Columbia,Interprovincial imports,"Fish, crustaceans, shellfish and other fishery products [M1140]",millions,70.9,
2016,British Columbia,International exports,"Fish, crustaceans, shellfish and other fishery products [M1140]",millions,886.4,
2016,British Columbia,International imports,"Fish, crustaceans, shellfish and other fishery products [M1140]",millions,292.1,
2016,Yukon,Total supply,"Fish, crustaceans, shellfish and other fishery products [M1140]",millions,1.5,
2016,Yukon,Total demand,"Fish, crustaceans, shellfish and other fishery products [M1140]",millions,1.9,
2016,Yukon,To Quebec,"Fish, crustaceans, shellfish and other fishery products [M1140]",millions,0.1,
2016,Yukon,To British Columbia,"Fish, crustaceans, shellfish and other fishery products [M1140]",millions,1.4,
2016,Yukon,To Yukon,"Fish, crustaceans, shellfish and other fishery products [M1140]",millions,0.4,
2016,Yukon,Interprovincial exports,"Fish, crustaceans, shellfish and other fishery products [M1140]",millions,1.5,
2016,Yukon,Interprovincial imports,"Fish, crustaceans, shellfish and other fishery products [M1140]",millions,0.8,
2016,Yukon,International exports,"Fish, crustaceans, shellfish and other fishery products [M1140]",millions,0.0,
2016,Yukon,International imports,"Fish, crustaceans, shellfish and other fishery products [M1140]",millions,0.4,
2016,Northwest Territories,Total supply,"Fish, crustaceans, shellfish and other fishery products [M1140]",millions,2.2,
2016,Northwest Territories,Total demand,"Fish, crustaceans, shellfish and other fishery products [M1140]",millions,1.0,
2016,Northwest Territories,To Manitoba,"Fish, crustaceans, shellfish and other fishery products [M1140]",millions,0.7,
2016,Northwest Territories,To Northwest Territories,"Fish, crustaceans, shellfish and other fishery products [M1140]",millions,0.1,
2016,Northwest Territories,Interprovincial exports,"Fish, crustaceans, shellfish and other fishery products [M1140]",millions,0.7,
2016,Northwest Territories,Interprovincial imports,"Fish, crustaceans, shellfish and other fishery products [M1140]",millions,2.1,
2016,Northwest Territories,International exports,"Fish, crustaceans, shellfish and other fishery products [M1140]",millions,0.1,
2016,Nunavut,Total supply,"Fish, crustaceans, shellfish and other fishery products [M1140]",millions,2.9,
2016,Nunavut,Total demand,"Fish, crustaceans, shellfish and other fishery products [M1140]",millions,18.4,
2016,Nunavut,To Ontario,"Fish, crustaceans, shellfish and other fishery products [M1140]",millions,3.4,
2016,Nunavut,To Manitoba,"Fish, crustaceans, shellfish and other fishery products [M1140]",millions,2.6,
2016,Nunavut,To Alberta,"Fish, crustaceans, shellfish and other fishery products [M1140]",millions,7.0,
2016,Nunavut,To Northwest Territories,"Fish, crustaceans, shellfish and other fishery products [M1140]",millions,1.6,
2016,Nunavut,To Nunavut,"Fish, crustaceans, shellfish and other fishery products [M1140]",millions,2.9,
2016,Nunavut,Interprovincial exports,"Fish, crustaceans, shellfish and other fishery products [M1140]",millions,14.5,
2016,Nunavut,International exports,"Fish, crustaceans, shellfish and other fishery products [M1140]",millions,1.0,
2017,Canada,Total supply and total demand,"Fish, crustaceans, shellfish and other fishery products [M1140]",millions,8080.4,
2017,Canada,Interprovincial exports,"Fish, crustaceans, shellfish and other fishery products [M1140]",millions,2149.9,
2017,Canada,Interprovincial imports,"Fish, crustaceans, shellfish and other fishery products [M1140]",millions,2149.9,
2017,Canada,International exports,"Fish, crustaceans, shellfish and other fishery products [M1140]",millions,2350.5,
2017,Canada,International re-exports,"Fish, crustaceans, shellfish and other fishery products [M1140]",millions,20.2,
2017,Canada,International imports,"Fish, crustaceans, shellfish and other fishery products [M1140]",millions,1017.8,
2017,Newfoundland and Labrador,Total supply,"Fish, crustaceans, shellfish and other fishery products [M1140]",millions,597.9,
2017,Newfoundland and Labrador,Total demand,"Fish, crustaceans, shellfish and other fishery products [M1140]",millions,1247.6,
2017,Newfoundland and Labrador,To Newfoundland and Labrador,"Fish, crustaceans, shellfish and other fishery products [M1140]",millions,550.3,
2017,Newfoundland and Labrador,To Prince Edward Island,"Fish, crustaceans, shellfish and other fishery products [M1140]",millions,4.2,
2017,Newfoundland and Labrador,To Nova Scotia,"Fish, crustaceans, shellfish and other fishery products [M1140]",millions,109.3,
2017,Newfoundland and Labrador,To New Brunswick,"Fish, crustaceans, shellfish and other fishery products [M1140]",millions,27.7,
2017,Newfoundland and Labrador,To Quebec,"Fish, crustaceans, shellfish and other fishery products [M1140]",millions,140.1,
2017,Newfoundland and Labrador,To Ontario,"Fish, crustaceans, shellfish and other fishery products [M1140]",millions,215.1,
2017,Newfoundland and Labrador,To Manitoba,"Fish, crustaceans, shellfish and other fishery products [M1140]",millions,37.6,
2017,Newfoundland and Labrador,To Saskatchewan,"Fish, crustaceans, shellfish and other fishery products [M1140]",millions,7.0,
2017,Newfoundland and Labrador,To Alberta,"Fish, crustaceans, shellfish and other fishery products [M1140]",millions,6.6,
2017,Newfoundland and Labrador,To British Columbia,"Fish, crustaceans, shellfish and other fishery products [M1140]",millions,16.4,
2017,Newfoundland and Labrador,To Yukon,"Fish, crustaceans, shellfish and other fishery products [M1140]",millions,1.0,
2017,Newfoundland and Labrador,Interprovincial exports,"Fish, crustaceans, shellfish and other fishery products [M1140]",millions,564.8,
2017,Newfoundland and Labrador,Interprovincial imports,"Fish, crustaceans, shellfish and other fishery products [M1140]",millions,45.3,
2017,Newfoundland and Labrador,International exports,"Fish, crustaceans, shellfish and other fishery products [M1140]",millions,132.5,
2017,Newfoundland and Labrador,International imports,"Fish, crustaceans, shellfish and other fishery products [M1140]",millions,2.3,
2017,Prince Edward Island,Total supply,"Fish, crustaceans, shellfish and other fishery products [M1140]",millions,250.0,
2017,Prince Edward Island,Total demand,"Fish, crustaceans, shellfish and other fishery products [M1140]",millions,378.0,
2017,Prince Edward Island,To Newfoundland and Labrador,"Fish, crustaceans, shellfish and other fishery products [M1140]",millions,0.0,
2017,Prince Edward Island,To Prince Edward Island,"Fish, crustaceans, shellfish and other fishery products [M1140]",millions,240.9,
2017,Prince Edward Island,To Nova Scotia,"Fish, crustaceans, shellfish and other fishery products [M1140]",millions,9.3,
2017,Prince Edward Island,To New Brunswick,"Fish, crustaceans, shellfish and other fishery products [M1140]",millions,14.5,
2017,Prince Edward Island,To Quebec,"Fish, crustaceans, shellfish and other fishery products [M1140]",millions,23.0,
2017,Prince Edward Island,To Ontario,"Fish, crustaceans, shellfish and other fishery products [M1140]",millions,17.5,
2017,Prince Edward Island,To Manitoba,"Fish, crustaceans, shellfish and other fishery products [M1140]",millions,2.6,
2017,Prince Edward Island,To Saskatchewan,"Fish, crustaceans, shellfish and other fishery products [M1140]",millions,0.2,
2017,Prince Edward Island,To Alberta,"Fish, crustaceans, shellfish and other fishery products [M1140]",millions,1.7,
2017,Prince Edward Island,To British Columbia,"Fish, crustaceans, shellfish and other fishery products [M1140]",millions,0.1,
2017,Prince Edward Island,Interprovincial exports,"Fish, crustaceans, shellfish and other fishery products [M1140]",millions,68.9,
2017,Prince Edward Island,Interprovincial imports,"Fish, crustaceans, shellfish and other fishery products [M1140]",millions,8.8,
2017,Prince Edward Island,International exports,"Fish, crustaceans, shellfish and other fishery products [M1140]",millions,68.2,
2017,Prince Edward Island,International imports,"Fish, crustaceans, shellfish and other fishery products [M1140]",millions,0.4,
2017,Nova Scotia,Total supply,"Fish, crustaceans, shellfish and other fishery products [M1140]",millions,651.1,
2017,Nova Scotia,Total demand,"Fish, crustaceans, shellfish and other fishery products [M1140]",millions,1749.1,
2017,Nova Scotia,To Newfoundland and Labrador,"Fish, crustaceans, shellfish and other fishery products [M1140]",millions,19.6,
2017,Nova Scotia,To Prince Edward Island,"Fish, crustaceans, shellfish and other fishery products [M1140]",millions,4.1,
2017,Nova Scotia,To Nova Scotia,"Fish, crustaceans, shellfish and other fishery products [M1140]",millions,472.3,
2017,Nova Scotia,To New Brunswick,"Fish, crustaceans, shellfish and other fishery products [M1140]",millions,170.1,
2017,Nova Scotia,To Quebec,"Fish, crustaceans, shellfish and other fishery products [M1140]",millions,74.9,
2017,Nova Scotia,To Ontario,"Fish, crustaceans, shellfish and other fishery products [M1140]",millions,173.2,
2017,Nova Scotia,To Manitoba,"Fish, crustaceans, shellfish and other fishery products [M1140]",millions,1.0,
2017,Nova Scotia,To Saskatchewan,"Fish, crustaceans, shellfish and other fishery products [M1140]",millions,0.3,
2017,Nova Scotia,To Alberta,"Fish, crustaceans, shellfish and other fishery products [M1140]",millions,15.0,
2017,Nova Scotia,To British Columbia,"Fish, crustaceans, shellfish and other fishery products [M1140]",millions,19.5,
2017,Nova Scotia,Interprovincial exports,"Fish, crustaceans, shellfish and other fishery products [M1140]",millions,477.8,
2017,Nova Scotia,Interprovincial imports,"Fish, crustaceans, shellfish and other fishery products [M1140]",millions,157.3,
2017,Nova Scotia,International exports,"Fish, crustaceans, shellfish and other fishery products [M1140]",millions,799.0,
2017,Nova Scotia,International imports,"Fish, crustaceans, shellfish and other fishery products [M1140]",millions,21.5,
2017,New Brunswick,Total supply,"Fish, crustaceans, shellfish and other fishery products [M1140]",millions,1110.4,
2017,New Brunswick,Total demand,"Fish, crustaceans, shellfish and other fishery products [M1140]",millions,1199.3,
2017,New Brunswick,To Newfoundland and Labrador,"Fish, crustaceans, shellfish and other fishery products [M1140]",millions,24.7,
2017,New Brunswick,To Prince Edward Island,"Fish, crustaceans, shellfish and other fishery products [M1140]",millions,0.4,
2017,New Brunswick,To Nova Scotia,"Fish, crustaceans, shellfish and other fishery products [M1140]",millions,20.1,
2017,New Brunswick,To New Brunswick,"Fish, crustaceans, shellfish and other fishery products [M1140]",millions,373.7,
2017,New Brunswick,To Quebec,"Fish, crustaceans, shellfish and other fishery products [M1140]",millions,192.1,
2017,New Brunswick,To Ontario,"Fish, crustaceans, shellfish and other fishery products [M1140]",millions,177.5,
2017,New Brunswick,To Manitoba,"Fish, crustaceans, shellfish and other fishery products [M1140]",millions,12.9,
2017,New Brunswick,To Saskatchewan,"Fish, crustaceans, shellfish and other fishery products [M1140]",millions,0.2,
2017,New Brunswick,To Alberta,"Fish, crustaceans, shellfish and other fishery products [M1140]",millions,5.5,
2017,New Brunswick,To British Columbia,"Fish, crustaceans, shellfish and other fishery products [M1140]",millions,2.7,
2017,New Brunswick,Interprovincial exports,"Fish, crustaceans, shellfish and other fishery products [M1140]",millions,436.0,
2017,New Brunswick,Interprovincial imports,"Fish, crustaceans, shellfish and other fishery products [M1140]",millions,234.8,
2017,New Brunswick,International exports,"Fish, crustaceans, shellfish and other fishery products [M1140]",millions,389.5,
2017,New Brunswick,International imports,"Fish, crustaceans, shellfish and other fishery products [M1140]",millions,501.9,
2017,Quebec,Total supply,"Fish, crustaceans, shellfish and other fishery products [M1140]",millions,884.4,
2017,Quebec,Total demand,"Fish, crustaceans, shellfish and other fishery products [M1140]",millions,592.4,
2017,Quebec,To Newfoundland and Labrador,"Fish, crustaceans, shellfish and other fishery products [M1140]",millions,0.4,
2017,Quebec,To Prince Edward Island,"Fish, crustaceans, shellfish and other fishery products [M1140]",millions,0.1,
2017,Quebec,To Nova Scotia,"Fish, crustaceans, shellfish and other fishery products [M1140]",millions,3.0,
2017,Quebec,To Quebec,"Fish, crustaceans, shellfish and other fishery products [M1140]",millions,326.8,
2017,Quebec,To Ontario,"Fish, crustaceans, shellfish and other fishery products [M1140]",millions,140.7,
2017,Quebec,To Manitoba,"Fish, crustaceans, shellfish and other fishery products [M1140]",millions,2.7,
2017,Quebec,To Saskatchewan,"Fish, crustaceans, shellfish and other fishery products [M1140]",millions,11.4,
2017,Quebec,To Alberta,"Fish, crustaceans, shellfish and other fishery products [M1140]",millions,67.3,
2017,Quebec,To British Columbia,"Fish, crustaceans, shellfish and other fishery products [M1140]",millions,18.1,
2017,Quebec,Interprovincial exports,"Fish, crustaceans, shellfish and other fishery products [M1140]",millions,243.6,
2017,Quebec,Interprovincial imports,"Fish, crustaceans, shellfish and other fishery products [M1140]",millions,503.9,
2017,Quebec,International exports,"Fish, crustaceans, shellfish and other fishery products [M1140]",millions,22.0,
2017,Quebec,International imports,"Fish, crustaceans, shellfish and other fishery products [M1140]",millions,53.7,
2017,Ontario,Total supply,"Fish, crustaceans, shellfish and other fishery products [M1140]",millions,1065.9,
2017,Ontario,Total demand,"Fish, crustaceans, shellfish and other fishery products [M1140]",millions,217.5,
2017,Ontario,To Nova Scotia,"Fish, crustaceans, shellfish and other fishery products [M1140]",millions,7.0,
2017,Ontario,To New Brunswick,"Fish, crustaceans, shellfish and other fishery products [M1140]",millions,1.9,
2017,Ontario,To Quebec,"Fish, crustaceans, shellfish and other fishery products [M1140]",millions,27.2,
2017,Ontario,To Ontario,"Fish, crustaceans, shellfish and other fishery products [M1140]",millions,85.8,
2017,Ontario,To Manitoba,"Fish, crustaceans, shellfish and other fishery products [M1140]",millions,0.8,
2017,Ontario,To Saskatchewan,"Fish, crustaceans, shellfish and other fishery products [M1140]",millions,6.8,
2017,Ontario,To Alberta,"Fish, crustaceans, shellfish and other fishery products [M1140]",millions,24.9,
2017,Ontario,To British Columbia,"Fish, crustaceans, shellfish and other fishery products [M1140]",millions,15.7,
2017,Ontario,To Northwest Territories,"Fish, crustaceans, shellfish and other fishery products [M1140]",millions,0.2,
2017,Ontario,Interprovincial exports,"Fish, crustaceans, shellfish and other fishery products [M1140]",millions,84.5,
2017,Ontario,Interprovincial imports,"Fish, crustaceans, shellfish and other fishery products [M1140]",millions,804.0,
2017,Ontario,International exports,"Fish, crustaceans, shellfish and other fishery products [M1140]",millions,47.1,
2017,Ontario,International imports,"Fish, crustaceans, shellfish and other fishery products [M1140]",millions,176.1,
2017,Manitoba,Total supply,"Fish, crustaceans, shellfish and other fishery products [M1140]",millions,114.3,
2017,Manitoba,Total demand,"Fish, crustaceans, shellfish and other fishery products [M1140]",millions,42.8,
2017,Manitoba,To Newfoundland and Labrador,"Fish, crustaceans, shellfish and other fishery products [M1140]",millions,0.0,
2017,Manitoba,To Nova Scotia,"Fish, crustaceans, shellfish and other fishery products [M1140]",millions,4.4,
2017,Manitoba,To New Brunswick,"Fish, crustaceans, shellfish and other fishery products [M1140]",millions,0.6,
2017,Manitoba,To Quebec,"Fish, crustaceans, shellfish and other fishery products [M1140]",millions,0.0,
2017,Manitoba,To Ontario,"Fish, crustaceans, shellfish and other fishery products [M1140]",millions,16.2,
2017,Manitoba,To Manitoba,"Fish, crustaceans, shellfish and other fishery products [M1140]",millions,7.7,
2017,Manitoba,To Saskatchewan,"Fish, crustaceans, shellfish and other fishery products [M1140]",millions,0.8,
2017,Manitoba,To Alberta,"Fish, crustaceans, shellfish and other fishery products [M1140]",millions,2.8,
2017,Manitoba,To British Columbia,"Fish, crustaceans, shellfish and other fishery products [M1140]",millions,0.8,
2017,Manitoba,Interprovincial exports,"Fish, crustaceans, shellfish and other fishery products [M1140]",millions,25.6,
2017,Manitoba,Interprovincial imports,"Fish, crustaceans, shellfish and other fishery products [M1140]",millions,106.0,
2017,Manitoba,International exports,"Fish, crustaceans, shellfish and other fishery products [M1140]",millions,9.5,
2017,Manitoba,International imports,"Fish, crustaceans, shellfish and other fishery products [M1140]",millions,0.6,
2017,Saskatchewan,Total supply,"Fish, crustaceans, shellfish and other fishery products [M1140]",millions,32.2,
2017,Saskatchewan,Total demand,"Fish, crustaceans, shellfish and other fishery products [M1140]",millions,12.1,
2017,Saskatchewan,To Nova Scotia,"Fish, crustaceans, shellfish and other fishery products [M1140]",millions,0.0,
2017,Saskatchewan,To New Brunswick,"Fish, crustaceans, shellfish and other fishery products [M1140]",millions,0.1,
2017,Saskatchewan,To Quebec,"Fish, crustaceans, shellfish and other fishery products [M1140]",millions,0.3,
2017,Saskatchewan,To Ontario,"Fish, crustaceans, shellfish and other fishery products [M1140]",millions,0.4,
2017,Saskatchewan,To Manitoba,"Fish, crustaceans, shellfish and other fishery products [M1140]",millions,0.2,
2017,Saskatchewan,To Saskatchewan,"Fish, crustaceans, shellfish and other fishery products [M1140]",millions,2.8,
2017,Saskatchewan,To Alberta,"Fish, crustaceans, shellfish and other fishery products [M1140]",millions,0.0,
2017,Saskatchewan,To British Columbia,"Fish, crustaceans, shellfish and other fishery products [M1140]",millions,4.9,
2017,Saskatchewan,Interprovincial exports,"Fish, crustaceans, shellfish and other fishery products [M1140]",millions,5.9,
2017,Saskatchewan,Interprovincial imports,"Fish, crustaceans, shellfish and other fishery products [M1140]",millions,28.8,
2017,Saskatchewan,International exports,"Fish, crustaceans, shellfish and other fishery products [M1140]",millions,3.4,
2017,Saskatchewan,International imports,"Fish, crustaceans, shellfish and other fishery products [M1140]",millions,0.5,
2017,Alberta,Total supply,"Fish, crustaceans, shellfish and other fishery products [M1140]",millions,186.0,
2017,Alberta,Total demand,"Fish, crustaceans, shellfish and other fishery products [M1140]",millions,4.1,
2017,Alberta,To Alberta,"Fish, crustaceans, shellfish and other fishery products [M1140]",millions,3.9,
2017,Alberta,Interprovincial exports,"Fish, crustaceans, shellfish and other fishery products [M1140]",millions,0.0,
2017,Alberta,Interprovincial imports,"Fish, crustaceans, shellfish and other fishery products [M1140]",millions,178.0,
2017,Alberta,International exports,"Fish, crustaceans, shellfish and other fishery products [M1140]",millions,0.1,
2017,Alberta,International imports,"Fish, crustaceans, shellfish and other fishery products [M1140]",millions,4.1,
2017,British Columbia,Total supply,"Fish, crustaceans, shellfish and other fishery products [M1140]",millions,810.5,
2017,British Columbia,Total demand,"Fish, crustaceans, shellfish and other fishery products [M1140]",millions,1572.2,
2017,British Columbia,To Newfoundland and Labrador,"Fish, crustaceans, shellfish and other fishery products [M1140]",millions,0.6,
2017,British Columbia,To Prince Edward Island,"Fish, crustaceans, shellfish and other fishery products [M1140]",millions,0.0,
2017,British Columbia,To Nova Scotia,"Fish, crustaceans, shellfish and other fishery products [M1140]",millions,4.3,
2017,British Columbia,To New Brunswick,"Fish, crustaceans, shellfish and other fishery products [M1140]",millions,20.0,
2017,British Columbia,To Quebec,"Fish, crustaceans, shellfish and other fishery products [M1140]",millions,46.1,
2017,British Columbia,To Ontario,"Fish, crustaceans, shellfish and other fishery products [M1140]",millions,54.4,
2017,British Columbia,To Manitoba,"Fish, crustaceans, shellfish and other fishery products [M1140]",millions,38.1,
2017,British Columbia,To Saskatchewan,"Fish, crustaceans, shellfish and other fishery products [M1140]",millions,2.2,
2017,British Columbia,To Alberta,"Fish, crustaceans, shellfish and other fishery products [M1140]",millions,33.6,
2017,British Columbia,To British Columbia,"Fish, crustaceans, shellfish and other fishery products [M1140]",millions,494.7,
2017,British Columbia,To Yukon,"Fish, crustaceans, shellfish and other fishery products [M1140]",millions,0.0,
2017,British Columbia,To Northwest Territories,"Fish, crustaceans, shellfish and other fishery products [M1140]",millions,0.0,
2017,British Columbia,Interprovincial exports,"Fish, crustaceans, shellfish and other fishery products [M1140]",millions,199.4,
2017,British Columbia,Interprovincial imports,"Fish, crustaceans, shellfish and other fishery products [M1140]",millions,79.4,
2017,British Columbia,International exports,"Fish, crustaceans, shellfish and other fishery products [M1140]",millions,878.0,
2017,British Columbia,International imports,"Fish, crustaceans, shellfish and other fishery products [M1140]",millions,236.3,
2017,Yukon,Total supply,"Fish, crustaceans, shellfish and other fishery products [M1140]",millions,1.8,
2017,Yukon,Total demand,"Fish, crustaceans, shellfish and other fishery products [M1140]",millions,1.5,
2017,Yukon,To Quebec,"Fish, crustaceans, shellfish and other fishery products [M1140]",millions,0.1,
2017,Yukon,To British Columbia,"Fish, crustaceans, shellfish and other fishery products [M1140]",millions,1.1,
2017,Yukon,To Yukon,"Fish, crustaceans, shellfish and other fishery products [M1140]",millions,0.4,
2017,Yukon,Interprovincial exports,"Fish, crustaceans, shellfish and other fishery products [M1140]",millions,1.2,
2017,Yukon,Interprovincial imports,"Fish, crustaceans, shellfish and other fishery products [M1140]",millions,1.1,
2017,Yukon,International exports,"Fish, crustaceans, shellfish and other fishery products [M1140]",millions,0.0,
2017,Yukon,International imports,"Fish, crustaceans, shellfish and other fishery products [M1140]",millions,0.3,
2017,Northwest Territories,Total supply,"Fish, crustaceans, shellfish and other fishery products [M1140]",millions,2.5,
2017,Northwest Territories,Total demand,"Fish, crustaceans, shellfish and other fishery products [M1140]",millions,2.8,
2017,Northwest Territories,To Manitoba,"Fish, crustaceans, shellfish and other fishery products [M1140]",millions,2.6,
2017,Northwest Territories,To Northwest Territories,"Fish, crustaceans, shellfish and other fishery products [M1140]",millions,0.1,
2017,Northwest Territories,Interprovincial exports,"Fish, crustaceans, shellfish and other fishery products [M1140]",millions,2.6,
2017,Northwest Territories,Interprovincial imports,"Fish, crustaceans, shellfish and other fishery products [M1140]",millions,2.5,
2017,Northwest Territories,International exports,"Fish, crustaceans, shellfish and other fishery products [M1140]",millions,0.1,
2017,Nunavut,Total supply,"Fish, crustaceans, shellfish and other fishery products [M1140]",millions,2.7,
2017,Nunavut,Total demand,"Fish, crustaceans, shellfish and other fishery products [M1140]",millions,43.2,
2017,Nunavut,To Ontario,"Fish, crustaceans, shellfish and other fishery products [M1140]",millions,9.1,
2017,Nunavut,To Manitoba,"Fish, crustaceans, shellfish and other fishery products [M1140]",millions,7.6,
2017,Nunavut,To Alberta,"Fish, crustaceans, shellfish and other fishery products [M1140]",millions,20.5,
2017,Nunavut,To Northwest Territories,"Fish, crustaceans, shellfish and other fishery products [M1140]",millions,2.2,
2017,Nunavut,To Nunavut,"Fish, crustaceans, shellfish and other fishery products [M1140]",millions,2.7,
2017,Nunavut,Interprovincial exports,"Fish, crustaceans, shellfish and other fishery products [M1140]",millions,39.5,
2017,Nunavut,International exports,"Fish, crustaceans, shellfish and other fishery products [M1140]",millions,1.0,
2018,Canada,Total supply and total demand,"Fish, crustaceans, shellfish and other fishery products [M1140]",millions,8361.4,
2018,Canada,Interprovincial exports,"Fish, crustaceans, shellfish and other fishery products [M1140]",millions,2160.7,
2018,Canada,Interprovincial imports,"Fish, crustaceans, shellfish and other fishery products [M1140]",millions,2160.7,
2018,Canada,International exports,"Fish, crustaceans, shellfish and other fishery products [M1140]",millions,2538.6,
2018,Canada,International re-exports,"Fish, crustaceans, shellfish and other fishery products [M1140]",millions,23.6,
2018,Canada,International imports,"Fish, crustaceans, shellfish and other fishery products [M1140]",millions,1129.2,
2018,Newfoundland and Labrador,Total supply,"Fish, crustaceans, shellfish and other fishery products [M1140]",millions,546.9,
2018,Newfoundland and Labrador,Total demand,"Fish, crustaceans, shellfish and other fishery products [M1140]",millions,1169.0,
2018,Newfoundland and Labrador,To Newfoundland and Labrador,"Fish, crustaceans, shellfish and other fishery products [M1140]",millions,501.2,
2018,Newfoundland and Labrador,To Prince Edward Island,"Fish, crustaceans, shellfish and other fishery products [M1140]",millions,3.1,
2018,Newfoundland and Labrador,To Nova Scotia,"Fish, crustaceans, shellfish and other fishery products [M1140]",millions,114.9,
2018,Newfoundland and Labrador,To New Brunswick,"Fish, crustaceans, shellfish and other fishery products [M1140]",millions,27.6,
2018,Newfoundland and Labrador,To Quebec,"Fish, crustaceans, shellfish and other fishery products [M1140]",millions,130.8,
2018,Newfoundland and Labrador,To Ontario,"Fish, crustaceans, shellfish and other fishery products [M1140]",millions,210.3,
2018,Newfoundland and Labrador,To Manitoba,"Fish, crustaceans, shellfish and other fishery products [M1140]",millions,35.5,
2018,Newfoundland and Labrador,To Saskatchewan,"Fish, crustaceans, shellfish and other fishery products [M1140]",millions,7.4,
2018,Newfoundland and Labrador,To Alberta,"Fish, crustaceans, shellfish and other fishery products [M1140]",millions,6.7,
2018,Newfoundland and Labrador,To British Columbia,"Fish, crustaceans, shellfish and other fishery products [M1140]",millions,13.5,
2018,Newfoundland and Labrador,To Yukon,"Fish, crustaceans, shellfish and other fishery products [M1140]",millions,0.9,
2018,Newfoundland and Labrador,Interprovincial exports,"Fish, crustaceans, shellfish and other fishery products [M1140]",millions,550.6,
2018,Newfoundland and Labrador,Interprovincial imports,"Fish, crustaceans, shellfish and other fishery products [M1140]",millions,43.1,
2018,Newfoundland and Labrador,International exports,"Fish, crustaceans, shellfish and other fishery products [M1140]",millions,117.2,
2018,Newfoundland and Labrador,International imports,"Fish, crustaceans, shellfish and other fishery products [M1140]",millions,2.5,
2018,Prince Edward Island,Total supply,"Fish, crustaceans, shellfish and other fishery products [M1140]",millions,216.0,
2018,Prince Edward Island,Total demand,"Fish, crustaceans, shellfish and other fishery products [M1140]",millions,346.5,
2018,Prince Edward Island,To Newfoundland and Labrador,"Fish, crustaceans, shellfish and other fishery products [M1140]",millions,0.0,
2018,Prince Edward Island,To Prince Edward Island,"Fish, crustaceans, shellfish and other fishery products [M1140]",millions,208.8,
2018,Prince Edward Island,To Nova Scotia,"Fish, crustaceans, shellfish and other fishery products [M1140]",millions,11.2,
2018,Prince Edward Island,To New Brunswick,"Fish, crustaceans, shellfish and other fishery products [M1140]",millions,16.6,
2018,Prince Edward Island,To Quebec,"Fish, crustaceans, shellfish and other fishery products [M1140]",millions,24.7,
2018,Prince Edward Island,To Ontario,"Fish, crustaceans, shellfish and other fishery products [M1140]",millions,19.6,
2018,Prince Edward Island,To Manitoba,"Fish, crustaceans, shellfish and other fishery products [M1140]",millions,2.8,
2018,Prince Edward Island,To Saskatchewan,"Fish, crustaceans, shellfish and other fishery products [M1140]",millions,0.2,
2018,Prince Edward Island,To Alberta,"Fish, crustaceans, shellfish and other fishery products [M1140]",millions,2.0,
2018,Prince Edward Island,To British Columbia,"Fish, crustaceans, shellfish and other fishery products [M1140]",millions,0.1,
2018,Prince Edward Island,Interprovincial exports,"Fish, crustaceans, shellfish and other fishery products [M1140]",millions,77.1,
2018,Prince Edward Island,Interprovincial imports,"Fish, crustaceans, shellfish and other fishery products [M1140]",millions,6.8,
2018,Prince Edward Island,International exports,"Fish, crustaceans, shellfish and other fishery products [M1140]",millions,60.5,
2018,Prince Edward Island,International imports,"Fish, crustaceans, shellfish and other fishery products [M1140]",millions,0.4,
2018,Nova Scotia,Total supply,"Fish, crustaceans, shellfish and other fishery products [M1140]",millions,705.9,
2018,Nova Scotia,Total demand,"Fish, crustaceans, shellfish and other fishery products [M1140]",millions,1815.8,
2018,Nova Scotia,To Newfoundland and Labrador,"Fish, crustaceans, shellfish and other fishery products [M1140]",millions,18.6,
2018,Nova Scotia,To Prince Edward Island,"Fish, crustaceans, shellfish and other fishery products [M1140]",millions,3.2,
2018,Nova Scotia,To Nova Scotia,"Fish, crustaceans, shellfish and other fishery products [M1140]",millions,512.9,
2018,Nova Scotia,To New Brunswick,"Fish, crustaceans, shellfish and other fishery products [M1140]",millions,176.5,
2018,Nova Scotia,To Quebec,"Fish, crustaceans, shellfish and other fishery products [M1140]",millions,72.8,
2018,Nova Scotia,To Ontario,"Fish, crustaceans, shellfish and other fishery products [M1140]",millions,176.2,
2018,Nova Scotia,To Manitoba,"Fish, crustaceans, shellfish and other fishery products [M1140]",millions,0.9,
2018,Nova Scotia,To Saskatchewan,"Fish, crustaceans, shellfish and other fishery products [M1140]",millions,0.4,
2018,Nova Scotia,To Alberta,"Fish, crustaceans, shellfish and other fishery products [M1140]",millions,15.8,
2018,Nova Scotia,To British Columbia,"Fish, crustaceans, shellfish and other fishery products [M1140]",millions,16.7,
2018,Nova Scotia,Interprovincial exports,"Fish, crustaceans, shellfish and other fishery products [M1140]",millions,481.2,
2018,Nova Scotia,Interprovincial imports,"Fish, crustaceans, shellfish and other fishery products [M1140]",millions,169.4,
2018,Nova Scotia,International exports,"Fish, crustaceans, shellfish and other fishery products [M1140]",millions,821.7,
2018,Nova Scotia,International imports,"Fish, crustaceans, shellfish and other fishery products [M1140]",millions,23.6,
2018,New Brunswick,Total supply,"Fish, crustaceans, shellfish and other fishery products [M1140]",millions,1213.3,
2018,New Brunswick,Total demand,"Fish, crustaceans, shellfish and other fishery products [M1140]",millions,1292.8,
2018,New Brunswick,To Newfoundland and Labrador,"Fish, crustaceans, shellfish and other fishery products [M1140]",millions,23.5,
2018,New Brunswick,To Prince Edward Island,"Fish, crustaceans, shellfish and other fishery products [M1140]",millions,0.3,
2018,New Brunswick,To Nova Scotia,"Fish, crustaceans, shellfish and other fishery products [M1140]",millions,22.1,
2018,New Brunswick,To New Brunswick,"Fish, crustaceans, shellfish and other fishery products [M1140]",millions,403.4,
2018,New Brunswick,To Quebec,"Fish, crustaceans, shellfish and other fishery products [M1140]",millions,187.3,
2018,New Brunswick,To Ontario,"Fish, crustaceans, shellfish and other fishery products [M1140]",millions,181.4,
2018,New Brunswick,To Manitoba,"Fish, crustaceans, shellfish and other fishery products [M1140]",millions,12.7,
2018,New Brunswick,To Saskatchewan,"Fish, crustaceans, shellfish and other fishery products [M1140]",millions,0.2,
2018,New Brunswick,To Alberta,"Fish, crustaceans, shellfish and other fishery products [M1140]",millions,5.8,
2018,New Brunswick,To British Columbia,"Fish, crustaceans, shellfish and other fishery products [M1140]",millions,2.3,
2018,New Brunswick,Interprovincial exports,"Fish, crustaceans, shellfish and other fishery products [M1140]",millions,435.7,
2018,New Brunswick,Interprovincial imports,"Fish, crustaceans, shellfish and other fishery products [M1140]",millions,248.0,
2018,New Brunswick,International exports,"Fish, crustaceans, shellfish and other fishery products [M1140]",millions,453.8,
2018,New Brunswick,International imports,"Fish, crustaceans, shellfish and other fishery products [M1140]",millions,562.0,
2018,Quebec,Total supply,"Fish, crustaceans, shellfish and other fishery products [M1140]",millions,851.4,
2018,Quebec,Total demand,"Fish, crustaceans, shellfish and other fishery products [M1140]",millions,553.6,
2018,Quebec,To Newfoundland and Labrador,"Fish, crustaceans, shellfish and other fishery products [M1140]",millions,0.3,
2018,Quebec,To Prince Edward Island,"Fish, crustaceans, shellfish and other fishery products [M1140]",millions,0.1,
2018,Quebec,To Nova Scotia,"Fish, crustaceans, shellfish and other fishery products [M1140]",millions,3.0,
2018,Quebec,To Quebec,"Fish, crustaceans, shellfish and other fishery products [M1140]",millions,296.8,
2018,Quebec,To Ontario,"Fish, crustaceans, shellfish and other fishery products [M1140]",millions,133.9,
2018,Quebec,To Manitoba,"Fish, crustaceans, shellfish and other fishery products [M1140]",millions,2.5,
2018,Quebec,To Saskatchewan,"Fish, crustaceans, shellfish and other fishery products [M1140]",millions,11.7,
2018,Quebec,To Alberta,"Fish, crustaceans, shellfish and other fishery products [M1140]",millions,66.3,
2018,Quebec,To British Columbia,"Fish, crustaceans, shellfish and other fishery products [M1140]",millions,14.5,
2018,Quebec,Interprovincial exports,"Fish, crustaceans, shellfish and other fishery products [M1140]",millions,232.2,
2018,Quebec,Interprovincial imports,"Fish, crustaceans, shellfish and other fishery products [M1140]",millions,495.7,
2018,Quebec,International exports,"Fish, crustaceans, shellfish and other fishery products [M1140]",millions,24.7,
2018,Quebec,International imports,"Fish, crustaceans, shellfish and other fishery products [M1140]",millions,59.0,
2018,Ontario,Total supply,"Fish, crustaceans, shellfish and other fishery products [M1140]",millions,1088.6,
2018,Ontario,Total demand,"Fish, crustaceans, shellfish and other fishery products [M1140]",millions,226.7,
2018,Ontario,To Nova Scotia,"Fish, crustaceans, shellfish and other fishery products [M1140]",millions,7.7,
2018,Ontario,To New Brunswick,"Fish, crustaceans, shellfish and other fishery products [M1140]",millions,2.0,
2018,Ontario,To Quebec,"Fish, crustaceans, shellfish and other fishery products [M1140]",millions,26.7,
2018,Ontario,To Ontario,"Fish, crustaceans, shellfish and other fishery products [M1140]",millions,88.1,
2018,Ontario,To Manitoba,"Fish, crustaceans, shellfish and other fishery products [M1140]",millions,0.8,
2018,Ontario,To Saskatchewan,"Fish, crustaceans, shellfish and other fishery products [M1140]",millions,7.5,
2018,Ontario,To Alberta,"Fish, crustaceans, shellfish and other fishery products [M1140]",millions,26.5,
2018,Ontario,To British Columbia,"Fish, crustaceans, shellfish and other fishery products [M1140]",millions,13.5,
2018,Ontario,To Northwest Territories,"Fish, crustaceans, shellfish and other fishery products [M1140]",millions,0.4,
2018,Ontario,Interprovincial exports,"Fish, crustaceans, shellfish and other fishery products [M1140]",millions,85.1,
2018,Ontario,Interprovincial imports,"Fish, crustaceans, shellfish and other fishery products [M1140]",millions,809.4,
2018,Ontario,International exports,"Fish, crustaceans, shellfish and other fishery products [M1140]",millions,53.4,
2018,Ontario,International imports,"Fish, crustaceans, shellfish and other fishery products [M1140]",millions,191.0,
2018,Manitoba,Total supply,"Fish, crustaceans, shellfish and other fishery products [M1140]",millions,114.4,
2018,Manitoba,Total demand,"Fish, crustaceans, shellfish and other fishery products [M1140]",millions,44.0,
2018,Manitoba,To Newfoundland and Labrador,"Fish, crustaceans, shellfish and other fishery products [M1140]",millions,0.0,
2018,Manitoba,To Nova Scotia,"Fish, crustaceans, shellfish and other fishery products [M1140]",millions,4.9,
2018,Manitoba,To New Brunswick,"Fish, crustaceans, shellfish and other fishery products [M1140]",millions,0.6,
2018,Manitoba,To Quebec,"Fish, crustaceans, shellfish and other fishery products [M1140]",millions,0.0,
2018,Manitoba,To Ontario,"Fish, crustaceans, shellfish and other fishery products [M1140]",millions,16.7,
2018,Manitoba,To Manitoba,"Fish, crustaceans, shellfish and other fishery products [M1140]",millions,7.7,
2018,Manitoba,To Saskatchewan,"Fish, crustaceans, shellfish and other fishery products [M1140]",millions,0.9,
2018,Manitoba,To Alberta,"Fish, crustaceans, shellfish and other fishery products [M1140]",millions,3.0,
2018,Manitoba,To British Columbia,"Fish, crustaceans, shellfish and other fishery products [M1140]",millions,0.7,
2018,Manitoba,Interprovincial exports,"Fish, crustaceans, shellfish and other fishery products [M1140]",millions,26.8,
2018,Manitoba,Interprovincial imports,"Fish, crustaceans, shellfish and other fishery products [M1140]",millions,106.1,
2018,Manitoba,International exports,"Fish, crustaceans, shellfish and other fishery products [M1140]",millions,9.5,
2018,Manitoba,International imports,"Fish, crustaceans, shellfish and other fishery products [M1140]",millions,0.6,
2018,Saskatchewan,Total supply,"Fish, crustaceans, shellfish and other fishery products [M1140]",millions,34.8,
2018,Saskatchewan,Total demand,"Fish, crustaceans, shellfish and other fishery products [M1140]",millions,11.6,
2018,Saskatchewan,To Nova Scotia,"Fish, crustaceans, shellfish and other fishery products [M1140]",millions,0.0,
2018,Saskatchewan,To New Brunswick,"Fish, crustaceans, shellfish and other fishery products [M1140]",millions,0.1,
2018,Saskatchewan,To Quebec,"Fish, crustaceans, shellfish and other fishery products [M1140]",millions,0.3,
2018,Saskatchewan,To Ontario,"Fish, crustaceans, shellfish and other fishery products [M1140]",millions,0.4,
2018,Saskatchewan,To Manitoba,"Fish, crustaceans, shellfish and other fishery products [M1140]",millions,0.2,
2018,Saskatchewan,To Saskatchewan,"Fish, crustaceans, shellfish and other fishery products [M1140]",millions,3.1,
2018,Saskatchewan,To Alberta,"Fish, crustaceans, shellfish and other fishery products [M1140]",millions,0.0,
2018,Saskatchewan,To British Columbia,"Fish, crustaceans, shellfish and other fishery products [M1140]",millions,4.2,
2018,Saskatchewan,Interprovincial exports,"Fish, crustaceans, shellfish and other fishery products [M1140]",millions,5.2,
2018,Saskatchewan,Interprovincial imports,"Fish, crustaceans, shellfish and other fishery products [M1140]",millions,31.2,
2018,Saskatchewan,International exports,"Fish, crustaceans, shellfish and other fishery products [M1140]",millions,3.3,
2018,Saskatchewan,International imports,"Fish, crustaceans, shellfish and other fishery products [M1140]",millions,0.6,
2018,Alberta,Total supply,"Fish, crustaceans, shellfish and other fishery products [M1140]",millions,189.1,
2018,Alberta,Total demand,"Fish, crustaceans, shellfish and other fishery products [M1140]",millions,4.1,
2018,Alberta,To Alberta,"Fish, crustaceans, shellfish and other fishery products [M1140]",millions,4.0,
2018,Alberta,Interprovincial exports,"Fish, crustaceans, shellfish and other fishery products [M1140]",millions,0.0,
2018,Alberta,Interprovincial imports,"Fish, crustaceans, shellfish and other fishery products [M1140]",millions,180.7,
2018,Alberta,International exports,"Fish, crustaceans, shellfish and other fishery products [M1140]",millions,0.1,
2018,Alberta,International imports,"Fish, crustaceans, shellfish and other fishery products [M1140]",millions,4.5,
2018,British Columbia,Total supply,"Fish, crustaceans, shellfish and other fishery products [M1140]",millions,830.9,
2018,British Columbia,Total demand,"Fish, crustaceans, shellfish and other fishery products [M1140]",millions,1735.2,
2018,British Columbia,To Newfoundland and Labrador,"Fish, crustaceans, shellfish and other fishery products [M1140]",millions,0.7,
2018,British Columbia,To Prince Edward Island,"Fish, crustaceans, shellfish and other fishery products [M1140]",millions,0.0,
2018,British Columbia,To Nova Scotia,"Fish, crustaceans, shellfish and other fishery products [M1140]",millions,5.6,
2018,British Columbia,To New Brunswick,"Fish, crustaceans, shellfish and other fishery products [M1140]",millions,24.6,
2018,British Columbia,To Quebec,"Fish, crustaceans, shellfish and other fishery products [M1140]",millions,53.1,
2018,British Columbia,To Ontario,"Fish, crustaceans, shellfish and other fishery products [M1140]",millions,65.6,
2018,British Columbia,To Manitoba,"Fish, crustaceans, shellfish and other fishery products [M1140]",millions,44.4,
2018,British Columbia,To Saskatchewan,"Fish, crustaceans, shellfish and other fishery products [M1140]",millions,2.9,
2018,British Columbia,To Alberta,"Fish, crustaceans, shellfish and other fishery products [M1140]",millions,42.0,
2018,British Columbia,To British Columbia,"Fish, crustaceans, shellfish and other fishery products [M1140]",millions,503.0,
2018,British Columbia,To Yukon,"Fish, crustaceans, shellfish and other fishery products [M1140]",millions,0.1,
2018,British Columbia,To Northwest Territories,"Fish, crustaceans, shellfish and other fishery products [M1140]",millions,0.0,
2018,British Columbia,Interprovincial exports,"Fish, crustaceans, shellfish and other fishery products [M1140]",millions,238.9,
2018,British Columbia,Interprovincial imports,"Fish, crustaceans, shellfish and other fishery products [M1140]",millions,66.8,
2018,British Columbia,International exports,"Fish, crustaceans, shellfish and other fishery products [M1140]",millions,993.3,
2018,British Columbia,International imports,"Fish, crustaceans, shellfish and other fishery products [M1140]",millions,261.1,
2018,Yukon,Total supply,"Fish, crustaceans, shellfish and other fishery products [M1140]",millions,1.8,
2018,Yukon,Total demand,"Fish, crustaceans, shellfish and other fishery products [M1140]",millions,1.7,
2018,Yukon,To Quebec,"Fish, crustaceans, shellfish and other fishery products [M1140]",millions,0.1,
2018,Yukon,To British Columbia,"Fish, crustaceans, shellfish and other fishery products [M1140]",millions,1.2,
2018,Yukon,To Yukon,"Fish, crustaceans, shellfish and other fishery products [M1140]",millions,0.4,
2018,Yukon,Interprovincial exports,"Fish, crustaceans, shellfish and other fishery products [M1140]",millions,1.3,
2018,Yukon,Interprovincial imports,"Fish, crustaceans, shellfish and other fishery products [M1140]",millions,1.0,
2018,Yukon,International exports,"Fish, crustaceans, shellfish and other fishery products [M1140]",millions,0.0,
2018,Yukon,International imports,"Fish, crustaceans, shellfish and other fishery products [M1140]",millions,0.4,
2018,Northwest Territories,Total supply,"Fish, crustaceans, shellfish and other fishery products [M1140]",millions,2.6,
2018,Northwest Territories,Total demand,"Fish, crustaceans, shellfish and other fishery products [M1140]",millions,2.0,
2018,Northwest Territories,To Manitoba,"Fish, crustaceans, shellfish and other fishery products [M1140]",millions,1.8,
2018,Northwest Territories,To Northwest Territories,"Fish, crustaceans, shellfish and other fishery products [M1140]",millions,0.1,
2018,Northwest Territories,Interprovincial exports,"Fish, crustaceans, shellfish and other fishery products [M1140]",millions,1.8,
2018,Northwest Territories,Interprovincial imports,"Fish, crustaceans, shellfish and other fishery products [M1140]",millions,2.6,
2018,Northwest Territories,International exports,"Fish, crustaceans, shellfish and other fishery products [M1140]",millions,0.2,
2018,Nunavut,Total supply,"Fish, crustaceans, shellfish and other fishery products [M1140]",millions,3.4,
2018,Nunavut,Total demand,"Fish, crustaceans, shellfish and other fishery products [M1140]",millions,29.1,
2018,Nunavut,To Ontario,"Fish, crustaceans, shellfish and other fishery products [M1140]",millions,5.4,
2018,Nunavut,To Manitoba,"Fish, crustaceans, shellfish and other fishery products [M1140]",millions,4.4,
2018,Nunavut,To Alberta,"Fish, crustaceans, shellfish and other fishery products [M1140]",millions,12.7,
2018,Nunavut,To Northwest Territories,"Fish, crustaceans, shellfish and other fishery products [M1140]",millions,2.2,
2018,Nunavut,To Nunavut,"Fish, crustaceans, shellfish and other fishery products [M1140]",millions,3.4,
2018,Nunavut,Interprovincial exports,"Fish, crustaceans, shellfish and other fishery products [M1140]",millions,24.8,
2018,Nunavut,International exports,"Fish, crustaceans, shellfish and other fishery products [M1140]",millions,0.9,
2019,Canada,Total supply and total demand,"Fish, crustaceans, shellfish and other fishery products [M1140]",millions,8705.5,
2019,Canada,Interprovincial exports,"Fish, crustaceans, shellfish and other fishery products [M1140]",millions,2255.6,
2019,Canada,Interprovincial imports,"Fish, crustaceans, shellfish and other fishery products [M1140]",millions,2255.6,
2019,Canada,International exports,"Fish, crustaceans, shellfish and other fishery products [M1140]",millions,2728.7,
2019,Canada,International re-exports,"Fish, crustaceans, shellfish and other fishery products [M1140]",millions,21.4,
2019,Canada,International imports,"Fish, crustaceans, shellfish and other fishery products [M1140]",millions,1299.9,
2019,Newfoundland and Labrador,Total supply,"Fish, crustaceans, shellfish and other fishery products [M1140]",millions,584.4,
2019,Newfoundland and Labrador,Total demand,"Fish, crustaceans, shellfish and other fishery products [M1140]",millions,1231.3,
2019,Newfoundland and Labrador,To Newfoundland and Labrador,"Fish, crustaceans, shellfish and other fishery products [M1140]",millions,497.3,
2019,Newfoundland and Labrador,To Prince Edward Island,"Fish, crustaceans, shellfish and other fishery products [M1140]",millions,1.2,
2019,Newfoundland and Labrador,To Nova Scotia,"Fish, crustaceans, shellfish and other fishery products [M1140]",millions,163.1,
2019,Newfoundland and Labrador,To New Brunswick,"Fish, crustaceans, shellfish and other fishery products [M1140]",millions,26.4,
2019,Newfoundland and Labrador,To Quebec,"Fish, crustaceans, shellfish and other fishery products [M1140]",millions,127.2,
2019,Newfoundland and Labrador,To Ontario,"Fish, crustaceans, shellfish and other fishery products [M1140]",millions,201.4,
2019,Newfoundland and Labrador,To Manitoba,"Fish, crustaceans, shellfish and other fishery products [M1140]",millions,34.5,
2019,Newfoundland and Labrador,To Saskatchewan,"Fish, crustaceans, shellfish and other fishery products [M1140]",millions,6.2,
2019,Newfoundland and Labrador,To Alberta,"Fish, crustaceans, shellfish and other fishery products [M1140]",millions,29.0,
2019,Newfoundland and Labrador,To British Columbia,"Fish, crustaceans, shellfish and other fishery products [M1140]",millions,8.9,
2019,Newfoundland and Labrador,To Yukon,"Fish, crustaceans, shellfish and other fishery products [M1140]",millions,0.7,
2019,Newfoundland and Labrador,Interprovincial exports,"Fish, crustaceans, shellfish and other fishery products [M1140]",millions,598.6,
2019,Newfoundland and Labrador,Interprovincial imports,"Fish, crustaceans, shellfish and other fishery products [M1140]",millions,82.2,
2019,Newfoundland and Labrador,International exports,"Fish, crustaceans, shellfish and other fishery products [M1140]",millions,135.4,
2019,Newfoundland and Labrador,International imports,"Fish, crustaceans, shellfish and other fishery products [M1140]",millions,5.0,
2019,Prince Edward Island,Total supply,"Fish, crustaceans, shellfish and other fishery products [M1140]",millions,214.5,
2019,Prince Edward Island,Total demand,"Fish, crustaceans, shellfish and other fishery products [M1140]",millions,431.9,
2019,Prince Edward Island,To Newfoundland and Labrador,"Fish, crustaceans, shellfish and other fishery products [M1140]",millions,0.1,
2019,Prince Edward Island,To Prince Edward Island,"Fish, crustaceans, shellfish and other fishery products [M1140]",millions,211.2,
2019,Prince Edward Island,To Nova Scotia,"Fish, crustaceans, shellfish and other fishery products [M1140]",millions,25.5,
2019,Prince Edward Island,To New Brunswick,"Fish, crustaceans, shellfish and other fishery products [M1140]",millions,34.1,
2019,Prince Edward Island,To Quebec,"Fish, crustaceans, shellfish and other fishery products [M1140]",millions,51.8,
2019,Prince Edward Island,To Ontario,"Fish, crustaceans, shellfish and other fishery products [M1140]",millions,38.6,
2019,Prince Edward Island,To Manitoba,"Fish, crustaceans, shellfish and other fishery products [M1140]",millions,5.0,
2019,Prince Edward Island,To Saskatchewan,"Fish, crustaceans, shellfish and other fishery products [M1140]",millions,0.4,
2019,Prince Edward Island,To Alberta,"Fish, crustaceans, shellfish and other fishery products [M1140]",millions,3.4,
2019,Prince Edward Island,To British Columbia,"Fish, crustaceans, shellfish and other fishery products [M1140]",millions,0.1,
2019,Prince Edward Island,Interprovincial exports,"Fish, crustaceans, shellfish and other fishery products [M1140]",millions,159.1,
2019,Prince Edward Island,Interprovincial imports,"Fish, crustaceans, shellfish and other fishery products [M1140]",millions,2.8,
2019,Prince Edward Island,International exports,"Fish, crustaceans, shellfish and other fishery products [M1140]",millions,61.6,
2019,Prince Edward Island,International imports,"Fish, crustaceans, shellfish and other fishery products [M1140]",millions,0.5,
2019,Nova Scotia,Total supply,"Fish, crustaceans, shellfish and other fishery products [M1140]",millions,753.8,
2019,Nova Scotia,Total demand,"Fish, crustaceans, shellfish and other fishery products [M1140]",millions,1957.6,
2019,Nova Scotia,To Newfoundland and Labrador,"Fish, crustaceans, shellfish and other fishery products [M1140]",millions,16.4,
2019,Nova Scotia,To Prince Edward Island,"Fish, crustaceans, shellfish and other fishery products [M1140]",millions,1.4,
2019,Nova Scotia,To Nova Scotia,"Fish, crustaceans, shellfish and other fishery products [M1140]",millions,496.3,
2019,Nova Scotia,To New Brunswick,"Fish, crustaceans, shellfish and other fishery products [M1140]",millions,154.7,
2019,Nova Scotia,To Quebec,"Fish, crustaceans, shellfish and other fishery products [M1140]",millions,65.1,
2019,Nova Scotia,To Ontario,"Fish, crustaceans, shellfish and other fishery products [M1140]",millions,147.8,
2019,Nova Scotia,To Manitoba,"Fish, crustaceans, shellfish and other fishery products [M1140]",millions,0.7,
2019,Nova Scotia,To Saskatchewan,"Fish, crustaceans, shellfish and other fishery products [M1140]",millions,0.3,
2019,Nova Scotia,To Alberta,"Fish, crustaceans, shellfish and other fishery products [M1140]",millions,11.8,
2019,Nova Scotia,To British Columbia,"Fish, crustaceans, shellfish and other fishery products [M1140]",millions,10.4,
2019,Nova Scotia,Interprovincial exports,"Fish, crustaceans, shellfish and other fishery products [M1140]",millions,408.6,
2019,Nova Scotia,Interprovincial imports,"Fish, crustaceans, shellfish and other fishery products [M1140]",millions,236.9,
2019,Nova Scotia,International exports,"Fish, crustaceans, shellfish and other fishery products [M1140]",millions,1052.7,
2019,Nova Scotia,International imports,"Fish, crustaceans, shellfish and other fishery products [M1140]",millions,20.6,
2019,New Brunswick,Total supply,"Fish, crustaceans, shellfish and other fishery products [M1140]",millions,1260.4,
2019,New Brunswick,Total demand,"Fish, crustaceans, shellfish and other fishery products [M1140]",millions,1325.7,
2019,New Brunswick,To Newfoundland and Labrador,"Fish, crustaceans, shellfish and other fishery products [M1140]",millions,24.4,
2019,New Brunswick,To Prince Edward Island,"Fish, crustaceans, shellfish and other fishery products [M1140]",millions,0.2,
2019,New Brunswick,To Nova Scotia,"Fish, crustaceans, shellfish and other fishery products [M1140]",millions,25.0,
2019,New Brunswick,To New Brunswick,"Fish, crustaceans, shellfish and other fishery products [M1140]",millions,414.2,
2019,New Brunswick,To Quebec,"Fish, crustaceans, shellfish and other fishery products [M1140]",millions,196.1,
2019,New Brunswick,To Ontario,"Fish, crustaceans, shellfish and other fishery products [M1140]",millions,178.2,
2019,New Brunswick,To Manitoba,"Fish, crustaceans, shellfish and other fishery products [M1140]",millions,11.4,
2019,New Brunswick,To Saskatchewan,"Fish, crustaceans, shellfish and other fishery products [M1140]",millions,0.2,
2019,New Brunswick,To Alberta,"Fish, crustaceans, shellfish and other fishery products [M1140]",millions,5.1,
2019,New Brunswick,To British Columbia,"Fish, crustaceans, shellfish and other fishery products [M1140]",millions,1.7,
2019,New Brunswick,Interprovincial exports,"Fish, crustaceans, shellfish and other fishery products [M1140]",millions,442.3,
2019,New Brunswick,Interprovincial imports,"Fish, crustaceans, shellfish and other fishery products [M1140]",millions,241.5,
2019,New Brunswick,International exports,"Fish, crustaceans, shellfish and other fishery products [M1140]",millions,469.2,
2019,New Brunswick,International imports,"Fish, crustaceans, shellfish and other fishery products [M1140]",millions,604.7,
2019,Quebec,Total supply,"Fish, crustaceans, shellfish and other fishery products [M1140]",millions,950.9,
2019,Quebec,Total demand,"Fish, crustaceans, shellfish and other fishery products [M1140]",millions,645.1,
2019,Quebec,To Newfoundland and Labrador,"Fish, crustaceans, shellfish and other fishery products [M1140]",millions,0.4,
2019,Quebec,To Prince Edward Island,"Fish, crustaceans, shellfish and other fishery products [M1140]",millions,0.0,
2019,Quebec,To Nova Scotia,"Fish, crustaceans, shellfish and other fishery products [M1140]",millions,3.9,
2019,Quebec,To Quebec,"Fish, crustaceans, shellfish and other fishery products [M1140]",millions,353.2,
2019,Quebec,To Ontario,"Fish, crustaceans, shellfish and other fishery products [M1140]",millions,149.5,
2019,Quebec,To Manitoba,"Fish, crustaceans, shellfish and other fishery products [M1140]",millions,2.5,
2019,Quebec,To Saskatchewan,"Fish, crustaceans, shellfish and other fishery products [M1140]",millions,12.1,
2019,Quebec,To Alberta,"Fish, crustaceans, shellfish and other fishery products [M1140]",millions,65.8,
2019,Quebec,To British Columbia,"Fish, crustaceans, shellfish and other fishery products [M1140]",millions,12.0,
2019,Quebec,Interprovincial exports,"Fish, crustaceans, shellfish and other fishery products [M1140]",millions,246.2,
2019,Quebec,Interprovincial imports,"Fish, crustaceans, shellfish and other fishery products [M1140]",millions,521.4,
2019,Quebec,International exports,"Fish, crustaceans, shellfish and other fishery products [M1140]",millions,45.7,
2019,Quebec,International imports,"Fish, crustaceans, shellfish and other fishery products [M1140]",millions,76.3,
2019,Ontario,Total supply,"Fish, crustaceans, shellfish and other fishery products [M1140]",millions,1119.1,
2019,Ontario,Total demand,"Fish, crustaceans, shellfish and other fishery products [M1140]",millions,229.9,
2019,Ontario,To Nova Scotia,"Fish, crustaceans, shellfish and other fishery products [M1140]",millions,9.0,
2019,Ontario,To New Brunswick,"Fish, crustaceans, shellfish and other fishery products [M1140]",millions,2.1,
2019,Ontario,To Quebec,"Fish, crustaceans, shellfish and other fishery products [M1140]",millions,28.7,
2019,Ontario,To Ontario,"Fish, crustaceans, shellfish and other fishery products [M1140]",millions,88.8,
2019,Ontario,To Manitoba,"Fish, crustaceans, shellfish and other fishery products [M1140]",millions,0.8,
2019,Ontario,To Saskatchewan,"Fish, crustaceans, shellfish and other fishery products [M1140]",millions,7.0,
2019,Ontario,To Alberta,"Fish, crustaceans, shellfish and other fishery products [M1140]",millions,23.7,
2019,Ontario,To British Columbia,"Fish, crustaceans, shellfish and other fishery products [M1140]",millions,10.1,
2019,Ontario,To Northwest Territories,"Fish, crustaceans, shellfish and other fishery products [M1140]",millions,0.1,
2019,Ontario,Interprovincial exports,"Fish, crustaceans, shellfish and other fishery products [M1140]",millions,81.4,
2019,Ontario,Interprovincial imports,"Fish, crustaceans, shellfish and other fishery products [M1140]",millions,797.7,
2019,Ontario,International exports,"Fish, crustaceans, shellfish and other fishery products [M1140]",millions,59.7,
2019,Ontario,International imports,"Fish, crustaceans, shellfish and other fishery products [M1140]",millions,232.5,
2019,Manitoba,Total supply,"Fish, crustaceans, shellfish and other fishery products [M1140]",millions,109.3,
2019,Manitoba,Total demand,"Fish, crustaceans, shellfish and other fishery products [M1140]",millions,42.1,
2019,Manitoba,To Newfoundland and Labrador,"Fish, crustaceans, shellfish and other fishery products [M1140]",millions,0.0,
2019,Manitoba,To Nova Scotia,"Fish, crustaceans, shellfish and other fishery products [M1140]",millions,4.5,
2019,Manitoba,To New Brunswick,"Fish, crustaceans, shellfish and other fishery products [M1140]",millions,0.5,
2019,Manitoba,To Quebec,"Fish, crustaceans, shellfish and other fishery products [M1140]",millions,0.0,
2019,Manitoba,To Ontario,"Fish, crustaceans, shellfish and other fishery products [M1140]",millions,13.4,
2019,Manitoba,To Manitoba,"Fish, crustaceans, shellfish and other fishery products [M1140]",millions,5.6,
2019,Manitoba,To Saskatchewan,"Fish, crustaceans, shellfish and other fishery products [M1140]",millions,0.7,
2019,Manitoba,To Alberta,"Fish, crustaceans, shellfish and other fishery products [M1140]",millions,2.1,
2019,Manitoba,To British Columbia,"Fish, crustaceans, shellfish and other fishery products [M1140]",millions,0.4,
2019,Manitoba,Interprovincial exports,"Fish, crustaceans, shellfish and other fishery products [M1140]",millions,21.6,
2019,Manitoba,Interprovincial imports,"Fish, crustaceans, shellfish and other fishery products [M1140]",millions,102.9,
2019,Manitoba,International exports,"Fish, crustaceans, shellfish and other fishery products [M1140]",millions,14.8,
2019,Manitoba,International imports,"Fish, crustaceans, shellfish and other fishery products [M1140]",millions,0.8,
2019,Saskatchewan,Total supply,"Fish, crustaceans, shellfish and other fishery products [M1140]",millions,34.2,
2019,Saskatchewan,Total demand,"Fish, crustaceans, shellfish and other fishery products [M1140]",millions,10.5,
2019,Saskatchewan,To Nova Scotia,"Fish, crustaceans, shellfish and other fishery products [M1140]",millions,0.0,
2019,Saskatchewan,To New Brunswick,"Fish, crustaceans, shellfish and other fishery products [M1140]",millions,0.1,
2019,Saskatchewan,To Quebec,"Fish, crustaceans, shellfish and other fishery products [M1140]",millions,0.5,
2019,Saskatchewan,To Ontario,"Fish, crustaceans, shellfish and other fishery products [M1140]",millions,0.5,
2019,Saskatchewan,To Manitoba,"Fish, crustaceans, shellfish and other fishery products [M1140]",millions,0.3,
2019,Saskatchewan,To Saskatchewan,"Fish, crustaceans, shellfish and other fishery products [M1140]",millions,4.1,
2019,Saskatchewan,To Alberta,"Fish, crustaceans, shellfish and other fishery products [M1140]",millions,0.0,
2019,Saskatchewan,To British Columbia,"Fish, crustaceans, shellfish and other fishery products [M1140]",millions,4.5,
2019,Saskatchewan,Interprovincial exports,"Fish, crustaceans, shellfish and other fishery products [M1140]",millions,5.9,
2019,Saskatchewan,Interprovincial imports,"Fish, crustaceans, shellfish and other fishery products [M1140]",millions,29.4,
2019,Saskatchewan,International exports,"Fish, crustaceans, shellfish and other fishery products [M1140]",millions,0.5,
2019,Saskatchewan,International imports,"Fish, crustaceans, shellfish and other fishery products [M1140]",millions,0.7,
2019,Alberta,Total supply,"Fish, crustaceans, shellfish and other fishery products [M1140]",millions,196.5,
2019,Alberta,Total demand,"Fish, crustaceans, shellfish and other fishery products [M1140]",millions,3.1,
2019,Alberta,To Alberta,"Fish, crustaceans, shellfish and other fishery products [M1140]",millions,3.0,
2019,Alberta,Interprovincial exports,"Fish, crustaceans, shellfish and other fishery products [M1140]",millions,0.0,
2019,Alberta,Interprovincial imports,"Fish, crustaceans, shellfish and other fishery products [M1140]",millions,188.1,
2019,Alberta,International exports,"Fish, crustaceans, shellfish and other fishery products [M1140]",millions,0.1,
2019,Alberta,International imports,"Fish, crustaceans, shellfish and other fishery products [M1140]",millions,5.4,
2019,British Columbia,Total supply,"Fish, crustaceans, shellfish and other fishery products [M1140]",millions,723.9,
2019,British Columbia,Total demand,"Fish, crustaceans, shellfish and other fishery products [M1140]",millions,1447.6,
2019,British Columbia,To Newfoundland and Labrador,"Fish, crustaceans, shellfish and other fishery products [M1140]",millions,0.7,
2019,British Columbia,To Prince Edward Island,"Fish, crustaceans, shellfish and other fishery products [M1140]",millions,0.0,
2019,British Columbia,To Nova Scotia,"Fish, crustaceans, shellfish and other fishery products [M1140]",millions,5.9,
2019,British Columbia,To New Brunswick,"Fish, crustaceans, shellfish and other fishery products [M1140]",millions,23.7,
2019,British Columbia,To Quebec,"Fish, crustaceans, shellfish and other fishery products [M1140]",millions,52.1,
2019,British Columbia,To Ontario,"Fish, crustaceans, shellfish and other fishery products [M1140]",millions,60.3,
2019,British Columbia,To Manitoba,"Fish, crustaceans, shellfish and other fishery products [M1140]",millions,37.4,
2019,British Columbia,To Saskatchewan,"Fish, crustaceans, shellfish and other fishery products [M1140]",millions,2.4,
2019,British Columbia,To Alberta,"Fish, crustaceans, shellfish and other fishery products [M1140]",millions,34.3,
2019,British Columbia,To British Columbia,"Fish, crustaceans, shellfish and other fishery products [M1140]",millions,343.0,
2019,British Columbia,To Yukon,"Fish, crustaceans, shellfish and other fishery products [M1140]",millions,0.0,
2019,British Columbia,To Northwest Territories,"Fish, crustaceans, shellfish and other fishery products [M1140]",millions,0.0,
2019,British Columbia,Interprovincial exports,"Fish, crustaceans, shellfish and other fishery products [M1140]",millions,216.9,
2019,British Columbia,Interprovincial imports,"Fish, crustaceans, shellfish and other fishery products [M1140]",millions,49.3,
2019,British Columbia,International exports,"Fish, crustaceans, shellfish and other fishery products [M1140]",millions,887.8,
2019,British Columbia,International imports,"Fish, crustaceans, shellfish and other fishery products [M1140]",millions,331.6,
2019,Yukon,Total supply,"Fish, crustaceans, shellfish and other fishery products [M1140]",millions,1.6,
2019,Yukon,Total demand,"Fish, crustaceans, shellfish and other fishery products [M1140]",millions,1.6,
2019,Yukon,To Quebec,"Fish, crustaceans, shellfish and other fishery products [M1140]",millions,0.1,
2019,Yukon,To British Columbia,"Fish, crustaceans, shellfish and other fishery products [M1140]",millions,1.1,
2019,Yukon,To Yukon,"Fish, crustaceans, shellfish and other fishery products [M1140]",millions,0.4,
2019,Yukon,Interprovincial exports,"Fish, crustaceans, shellfish and other fishery products [M1140]",millions,1.2,
2019,Yukon,Interprovincial imports,"Fish, crustaceans, shellfish and other fishery products [M1140]",millions,0.8,
2019,Yukon,International exports,"Fish, crustaceans, shellfish and other fishery products [M1140]",millions,0.0,
2019,Yukon,International imports,"Fish, crustaceans, shellfish and other fishery products [M1140]",millions,0.4,
2019,Northwest Territories,Total supply,"Fish, crustaceans, shellfish and other fishery products [M1140]",millions,2.7,
2019,Northwest Territories,Total demand,"Fish, crustaceans, shellfish and other fishery products [M1140]",millions,2.2,
2019,Northwest Territories,To Manitoba,"Fish, crustaceans, shellfish and other fishery products [M1140]",millions,1.9,
2019,Northwest Territories,To Northwest Territories,"Fish, crustaceans, shellfish and other fishery products [M1140]",millions,0.0,
2019,Northwest Territories,Interprovincial exports,"Fish, crustaceans, shellfish and other fishery products [M1140]",millions,1.9,
2019,Northwest Territories,Interprovincial imports,"Fish, crustaceans, shellfish and other fishery products [M1140]",millions,2.7,
2019,Northwest Territories,International exports,"Fish, crustaceans, shellfish and other fishery products [M1140]",millions,0.3,
2019,Nunavut,Total supply,"Fish, crustaceans, shellfish and other fishery products [M1140]",millions,4.1,
2019,Nunavut,Total demand,"Fish, crustaceans, shellfish and other fishery products [M1140]",millions,77.1,
2019,Nunavut,To Newfoundland and Labrador,"Fish, crustaceans, shellfish and other fishery products [M1140]",millions,40.3,
2019,Nunavut,To Ontario,"Fish, crustaceans, shellfish and other fishery products [M1140]",millions,8.1,
2019,Nunavut,To Manitoba,"Fish, crustaceans, shellfish and other fishery products [M1140]",millions,8.3,
2019,Nunavut,To Alberta,"Fish, crustaceans, shellfish and other fishery products [M1140]",millions,12.8,
2019,Nunavut,To Northwest Territories,"Fish, crustaceans, shellfish and other fishery products [M1140]",millions,2.5,
2019,Nunavut,To Nunavut,"Fish, crustaceans, shellfish and other fishery products [M1140]",millions,4.1,
2019,Nunavut,Interprovincial exports,"Fish, crustaceans, shellfish and other fishery products [M1140]",millions,72.0,
2019,Nunavut,International exports,"Fish, crustaceans, shellfish and other fishery products [M1140]",millions,1.0,
2020,Canada,Total supply and total demand,"Fish, crustaceans, shellfish and other fishery products [M1140]",millions,6731.7,
2020,Canada,Interprovincial exports,"Fish, crustaceans, shellfish and other fishery products [M1140]",millions,1640.1,
2020,Canada,Interprovincial imports,"Fish, crustaceans, shellfish and other fishery products [M1140]",millions,1640.1,
2020,Canada,International exports,"Fish, crustaceans, shellfish and other fishery products [M1140]",millions,2250.4,
2020,Canada,International re-exports,"Fish, crustaceans, shellfish and other fishery products [M1140]",millions,19.4,
2020,Canada,International imports,"Fish, crustaceans, shellfish and other fishery products [M1140]",millions,1002.8,
2020,Newfoundland and Labrador,Total supply,"Fish, crustaceans, shellfish and other fishery products [M1140]",millions,468.0,
2020,Newfoundland and Labrador,Total demand,"Fish, crustaceans, shellfish and other fishery products [M1140]",millions,874.8,
2020,Newfoundland and Labrador,To Newfoundland and Labrador,"Fish, crustaceans, shellfish and other fishery products [M1140]",millions,393.1,
2020,Newfoundland and Labrador,To Prince Edward Island,"Fish, crustaceans, shellfish and other fishery products [M1140]",millions,0.9,
2020,Newfoundland and Labrador,To Nova Scotia,"Fish, crustaceans, shellfish and other fishery products [M1140]",millions,112.2,
2020,Newfoundland and Labrador,To New Brunswick,"Fish, crustaceans, shellfish and other fishery products [M1140]",millions,11.3,
2020,Newfoundland and Labrador,To Quebec,"Fish, crustaceans, shellfish and other fishery products [M1140]",millions,76.5,
2020,Newfoundland and Labrador,To Ontario,"Fish, crustaceans, shellfish and other fishery products [M1140]",millions,120.5,
2020,Newfoundland and Labrador,To Manitoba,"Fish, crustaceans, shellfish and other fishery products [M1140]",millions,19.6,
2020,Newfoundland and Labrador,To Saskatchewan,"Fish, crustaceans, shellfish and other fishery products [M1140]",millions,2.9,
2020,Newfoundland and Labrador,To Alberta,"Fish, crustaceans, shellfish and other fishery products [M1140]",millions,16.8,
2020,Newfoundland and Labrador,To British Columbia,"Fish, crustaceans, shellfish and other fishery products [M1140]",millions,3.9,
2020,Newfoundland and Labrador,To Yukon,"Fish, crustaceans, shellfish and other fishery products [M1140]",millions,0.5,
2020,Newfoundland and Labrador,Interprovincial exports,"Fish, crustaceans, shellfish and other fishery products [M1140]",millions,365.2,
2020,Newfoundland and Labrador,Interprovincial imports,"Fish, crustaceans, shellfish and other fishery products [M1140]",millions,68.6,
2020,Newfoundland and Labrador,International exports,"Fish, crustaceans, shellfish and other fishery products [M1140]",millions,116.5,
2020,Newfoundland and Labrador,International imports,"Fish, crustaceans, shellfish and other fishery products [M1140]",millions,6.3,
2020,Prince Edward Island,Total supply,"Fish, crustaceans, shellfish and other fishery products [M1140]",millions,162.7,
2020,Prince Edward Island,Total demand,"Fish, crustaceans, shellfish and other fishery products [M1140]",millions,301.2,
2020,Prince Edward Island,To Newfoundland and Labrador,"Fish, crustaceans, shellfish and other fishery products [M1140]",millions,0.1,
2020,Prince Edward Island,To Prince Edward Island,"Fish, crustaceans, shellfish and other fishery products [M1140]",millions,159.8,
2020,Prince Edward Island,To Nova Scotia,"Fish, crustaceans, shellfish and other fishery products [M1140]",millions,17.3,
2020,Prince Edward Island,To New Brunswick,"Fish, crustaceans, shellfish and other fishery products [M1140]",millions,14.5,
2020,Prince Edward Island,To Quebec,"Fish, crustaceans, shellfish and other fishery products [M1140]",millions,30.8,
2020,Prince Edward Island,To Ontario,"Fish, crustaceans, shellfish and other fishery products [M1140]",millions,22.8,
2020,Prince Edward Island,To Manitoba,"Fish, crustaceans, shellfish and other fishery products [M1140]",millions,2.8,
2020,Prince Edward Island,To Saskatchewan,"Fish, crustaceans, shellfish and other fishery products [M1140]",millions,0.2,
2020,Prince Edward Island,To Alberta,"Fish, crustaceans, shellfish and other fishery products [M1140]",millions,2.0,
2020,Prince Edward Island,To British Columbia,"Fish, crustaceans, shellfish and other fishery products [M1140]",millions,0.1,
2020,Prince Edward Island,Interprovincial exports,"Fish, crustaceans, shellfish and other fishery products [M1140]",millions,90.4,
2020,Prince Edward Island,Interprovincial imports,"Fish, crustaceans, shellfish and other fishery products [M1140]",millions,2.4,
2020,Prince Edward Island,International exports,"Fish, crustaceans, shellfish and other fishery products [M1140]",millions,51.0,
2020,Prince Edward Island,International imports,"Fish, crustaceans, shellfish and other fishery products [M1140]",millions,0.5,
2020,Nova Scotia,Total supply,"Fish, crustaceans, shellfish and other fishery products [M1140]",millions,608.3,
2020,Nova Scotia,Total demand,"Fish, crustaceans, shellfish and other fishery products [M1140]",millions,1540.4,
2020,Nova Scotia,To Newfoundland and Labrador,"Fish, crustaceans, shellfish and other fishery products [M1140]",millions,15.5,
2020,Nova Scotia,To Prince Edward Island,"Fish, crustaceans, shellfish and other fishery products [M1140]",millions,1.3,
2020,Nova Scotia,To Nova Scotia,"Fish, crustaceans, shellfish and other fishery products [M1140]",millions,406.9,
2020,Nova Scotia,To New Brunswick,"Fish, crustaceans, shellfish and other fishery products [M1140]",millions,79.2,
2020,Nova Scotia,To Quebec,"Fish, crustaceans, shellfish and other fishery products [M1140]",millions,46.6,
2020,Nova Scotia,To Ontario,"Fish, crustaceans, shellfish and other fishery products [M1140]",millions,105.3,
2020,Nova Scotia,To Manitoba,"Fish, crustaceans, shellfish and other fishery products [M1140]",millions,0.5,
2020,Nova Scotia,To Saskatchewan,"Fish, crustaceans, shellfish and other fishery products [M1140]",millions,0.2,
2020,Nova Scotia,To Alberta,"Fish, crustaceans, shellfish and other fishery products [M1140]",millions,8.1,
2020,Nova Scotia,To British Columbia,"Fish, crustaceans, shellfish and other fishery products [M1140]",millions,5.5,
2020,Nova Scotia,Interprovincial exports,"Fish, crustaceans, shellfish and other fishery products [M1140]",millions,262.1,
2020,Nova Scotia,Interprovincial imports,"Fish, crustaceans, shellfish and other fishery products [M1140]",millions,178.6,
2020,Nova Scotia,International exports,"Fish, crustaceans, shellfish and other fishery products [M1140]",millions,871.4,
2020,Nova Scotia,International imports,"Fish, crustaceans, shellfish and other fishery products [M1140]",millions,22.7,
2020,New Brunswick,Total supply,"Fish, crustaceans, shellfish and other fishery products [M1140]",millions,794.6,
2020,New Brunswick,Total demand,"Fish, crustaceans, shellfish and other fishery products [M1140]",millions,949.8,
2020,New Brunswick,To Newfoundland and Labrador,"Fish, crustaceans, shellfish and other fishery products [M1140]",millions,27.3,
2020,New Brunswick,To Prince Edward Island,"Fish, crustaceans, shellfish and other fishery products [M1140]",millions,0.2,
2020,New Brunswick,To Nova Scotia,"Fish, crustaceans, shellfish and other fishery products [M1140]",millions,24.4,
2020,New Brunswick,To New Brunswick,"Fish, crustaceans, shellfish and other fishery products [M1140]",millions,252.3,
2020,New Brunswick,To Quebec,"Fish, crustaceans, shellfish and other fishery products [M1140]",millions,167.1,
2020,New Brunswick,To Ontario,"Fish, crustaceans, shellfish and other fishery products [M1140]",millions,151.0,
2020,New Brunswick,To Manitoba,"Fish, crustaceans, shellfish and other fishery products [M1140]",millions,9.2,
2020,New Brunswick,To Saskatchewan,"Fish, crustaceans, shellfish and other fishery products [M1140]",millions,0.2,
2020,New Brunswick,To Alberta,"Fish, crustaceans, shellfish and other fishery products [M1140]",millions,4.1,
2020,New Brunswick,To British Columbia,"Fish, crustaceans, shellfish and other fishery products [M1140]",millions,1.1,
2020,New Brunswick,Interprovincial exports,"Fish, crustaceans, shellfish and other fishery products [M1140]",millions,384.5,
2020,New Brunswick,Interprovincial imports,"Fish, crustaceans, shellfish and other fishery products [M1140]",millions,125.1,
2020,New Brunswick,International exports,"Fish, crustaceans, shellfish and other fishery products [M1140]",millions,313.1,
2020,New Brunswick,International imports,"Fish, crustaceans, shellfish and other fishery products [M1140]",millions,417.1,
2020,Quebec,Total supply,"Fish, crustaceans, shellfish and other fishery products [M1140]",millions,738.6,
2020,Quebec,Total demand,"Fish, crustaceans, shellfish and other fishery products [M1140]",millions,474.6,
2020,Quebec,To Newfoundland and Labrador,"Fish, crustaceans, shellfish and other fishery products [M1140]",millions,0.4,
2020,Quebec,To Prince Edward Island,"Fish, crustaceans, shellfish and other fishery products [M1140]",millions,0.0,
2020,Quebec,To Nova Scotia,"Fish, crustaceans, shellfish and other fishery products [M1140]",millions,3.3,
2020,Quebec,To Quebec,"Fish, crustaceans, shellfish and other fishery products [M1140]",millions,261.4,
2020,Quebec,To Ontario,"Fish, crustaceans, shellfish and other fishery products [M1140]",millions,109.9,
2020,Quebec,To Manitoba,"Fish, crustaceans, shellfish and other fishery products [M1140]",millions,1.8,
2020,Quebec,To Saskatchewan,"Fish, crustaceans, shellfish and other fishery products [M1140]",millions,6.8,
2020,Quebec,To Alberta,"Fish, crustaceans, shellfish and other fishery products [M1140]",millions,46.8,
2020,Quebec,To British Columbia,"Fish, crustaceans, shellfish and other fishery products [M1140]",millions,6.5,
2020,Quebec,Interprovincial exports,"Fish, crustaceans, shellfish and other fishery products [M1140]",millions,175.5,
2020,Quebec,Interprovincial imports,"Fish, crustaceans, shellfish and other fishery products [M1140]",millions,403.7,
2020,Quebec,International exports,"Fish, crustaceans, shellfish and other fishery products [M1140]",millions,37.6,
2020,Quebec,International imports,"Fish, crustaceans, shellfish and other fishery products [M1140]",millions,73.4,
2020,Ontario,Total supply,"Fish, crustaceans, shellfish and other fishery products [M1140]",millions,892.6,
2020,Ontario,Total demand,"Fish, crustaceans, shellfish and other fishery products [M1140]",millions,196.6,
2020,Ontario,To Nova Scotia,"Fish, crustaceans, shellfish and other fishery products [M1140]",millions,9.1,
2020,Ontario,To New Brunswick,"Fish, crustaceans, shellfish and other fishery products [M1140]",millions,1.3,
2020,Ontario,To Quebec,"Fish, crustaceans, shellfish and other fishery products [M1140]",millions,25.6,
2020,Ontario,To Ontario,"Fish, crustaceans, shellfish and other fishery products [M1140]",millions,78.6,
2020,Ontario,To Manitoba,"Fish, crustaceans, shellfish and other fishery products [M1140]",millions,0.6,
2020,Ontario,To Saskatchewan,"Fish, crustaceans, shellfish and other fishery products [M1140]",millions,4.8,
2020,Ontario,To Alberta,"Fish, crustaceans, shellfish and other fishery products [M1140]",millions,20.3,
2020,Ontario,To British Columbia,"Fish, crustaceans, shellfish and other fishery products [M1140]",millions,6.6,
2020,Ontario,To Northwest Territories,"Fish, crustaceans, shellfish and other fishery products [M1140]",millions,0.2,
2020,Ontario,Interprovincial exports,"Fish, crustaceans, shellfish and other fishery products [M1140]",millions,68.7,
2020,Ontario,Interprovincial imports,"Fish, crustaceans, shellfish and other fishery products [M1140]",millions,591.5,
2020,Ontario,International exports,"Fish, crustaceans, shellfish and other fishery products [M1140]",millions,49.3,
2020,Ontario,International imports,"Fish, crustaceans, shellfish and other fishery products [M1140]",millions,222.6,
2020,Manitoba,Total supply,"Fish, crustaceans, shellfish and other fishery products [M1140]",millions,84.1,
2020,Manitoba,Total demand,"Fish, crustaceans, shellfish and other fishery products [M1140]",millions,37.7,
2020,Manitoba,To Newfoundland and Labrador,"Fish, crustaceans, shellfish and other fishery products [M1140]",millions,0.0,
2020,Manitoba,To Nova Scotia,"Fish, crustaceans, shellfish and other fishery products [M1140]",millions,4.9,
2020,Manitoba,To New Brunswick,"Fish, crustaceans, shellfish and other fishery products [M1140]",millions,0.3,
2020,Manitoba,To Quebec,"Fish, crustaceans, shellfish and other fishery products [M1140]",millions,0.0,
2020,Manitoba,To Ontario,"Fish, crustaceans, shellfish and other fishery products [M1140]",millions,12.7,
2020,Manitoba,To Manitoba,"Fish, crustaceans, shellfish and other fishery products [M1140]",millions,4.8,
2020,Manitoba,To Saskatchewan,"Fish, crustaceans, shellfish and other fishery products [M1140]",millions,0.5,
2020,Manitoba,To Alberta,"Fish, crustaceans, shellfish and other fishery products [M1140]",millions,1.9,
2020,Manitoba,To British Columbia,"Fish, crustaceans, shellfish and other fishery products [M1140]",millions,0.3,
2020,Manitoba,Interprovincial exports,"Fish, crustaceans, shellfish and other fishery products [M1140]",millions,20.7,
2020,Manitoba,Interprovincial imports,"Fish, crustaceans, shellfish and other fishery products [M1140]",millions,78.6,
2020,Manitoba,International exports,"Fish, crustaceans, shellfish and other fishery products [M1140]",millions,12.2,
2020,Manitoba,International imports,"Fish, crustaceans, shellfish and other fishery products [M1140]",millions,0.7,
2020,Saskatchewan,Total supply,"Fish, crustaceans, shellfish and other fishery products [M1140]",millions,22.3,
2020,Saskatchewan,Total demand,"Fish, crustaceans, shellfish and other fishery products [M1140]",millions,11.2,
2020,Saskatchewan,To Nova Scotia,"Fish, crustaceans, shellfish and other fishery products [M1140]",millions,0.0,
2020,Saskatchewan,To New Brunswick,"Fish, crustaceans, shellfish and other fishery products [M1140]",millions,0.1,
2020,Saskatchewan,To Quebec,"Fish, crustaceans, shellfish and other fishery products [M1140]",millions,0.7,
2020,Saskatchewan,To Ontario,"Fish, crustaceans, shellfish and other fishery products [M1140]",millions,0.7,
2020,Saskatchewan,To Manitoba,"Fish, crustaceans, shellfish and other fishery products [M1140]",millions,0.4,
2020,Saskatchewan,To Saskatchewan,"Fish, crustaceans, shellfish and other fishery products [M1140]",millions,4.3,
2020,Saskatchewan,To Alberta,"Fish, crustaceans, shellfish and other fishery products [M1140]",millions,0.0,
2020,Saskatchewan,To British Columbia,"Fish, crustaceans, shellfish and other fishery products [M1140]",millions,4.5,
2020,Saskatchewan,Interprovincial exports,"Fish, crustaceans, shellfish and other fishery products [M1140]",millions,6.4,
2020,Saskatchewan,Interprovincial imports,"Fish, crustaceans, shellfish and other fishery products [M1140]",millions,17.4,
2020,Saskatchewan,International exports,"Fish, crustaceans, shellfish and other fishery products [M1140]",millions,0.4,
2020,Saskatchewan,International imports,"Fish, crustaceans, shellfish and other fishery products [M1140]",millions,0.5,
2020,Alberta,Total supply,"Fish, crustaceans, shellfish and other fishery products [M1140]",millions,148.5,
2020,Alberta,Total demand,"Fish, crustaceans, shellfish and other fishery products [M1140]",millions,2.1,
2020,Alberta,To Alberta,"Fish, crustaceans, shellfish and other fishery products [M1140]",millions,2.0,
2020,Alberta,Interprovincial exports,"Fish, crustaceans, shellfish and other fishery products [M1140]",millions,0.0,
2020,Alberta,Interprovincial imports,"Fish, crustaceans, shellfish and other fishery products [M1140]",millions,141.5,
2020,Alberta,International exports,"Fish, crustaceans, shellfish and other fishery products [M1140]",millions,0.1,
2020,Alberta,International imports,"Fish, crustaceans, shellfish and other fishery products [M1140]",millions,5.0,
2020,British Columbia,Total supply,"Fish, crustaceans, shellfish and other fishery products [M1140]",millions,535.5,
2020,British Columbia,Total demand,"Fish, crustaceans, shellfish and other fishery products [M1140]",millions,1293.2,
2020,British Columbia,To Newfoundland and Labrador,"Fish, crustaceans, shellfish and other fishery products [M1140]",millions,1.0,
2020,British Columbia,To Prince Edward Island,"Fish, crustaceans, shellfish and other fishery products [M1140]",millions,0.0,
2020,British Columbia,To Nova Scotia,"Fish, crustaceans, shellfish and other fishery products [M1140]",millions,7.3,
2020,British Columbia,To New Brunswick,"Fish, crustaceans, shellfish and other fishery products [M1140]",millions,18.3,
2020,British Columbia,To Quebec,"Fish, crustaceans, shellfish and other fishery products [M1140]",millions,56.3,
2020,British Columbia,To Ontario,"Fish, crustaceans, shellfish and other fishery products [M1140]",millions,64.8,
2020,British Columbia,To Manitoba,"Fish, crustaceans, shellfish and other fishery products [M1140]",millions,38.2,
2020,British Columbia,To Saskatchewan,"Fish, crustaceans, shellfish and other fishery products [M1140]",millions,2.0,
2020,British Columbia,To Alberta,"Fish, crustaceans, shellfish and other fishery products [M1140]",millions,35.7,
2020,British Columbia,To British Columbia,"Fish, crustaceans, shellfish and other fishery products [M1140]",millions,271.9,
2020,British Columbia,To Yukon,"Fish, crustaceans, shellfish and other fishery products [M1140]",millions,0.0,
2020,British Columbia,To Northwest Territories,"Fish, crustaceans, shellfish and other fishery products [M1140]",millions,0.0,
2020,British Columbia,Interprovincial exports,"Fish, crustaceans, shellfish and other fishery products [M1140]",millions,223.6,
2020,British Columbia,Interprovincial imports,"Fish, crustaceans, shellfish and other fishery products [M1140]",millions,29.4,
2020,British Columbia,International exports,"Fish, crustaceans, shellfish and other fishery products [M1140]",millions,797.7,
2020,British Columbia,International imports,"Fish, crustaceans, shellfish and other fishery products [M1140]",millions,234.2,
2020,Yukon,Total supply,"Fish, crustaceans, shellfish and other fishery products [M1140]",millions,1.5,
2020,Yukon,Total demand,"Fish, crustaceans, shellfish and other fishery products [M1140]",millions,1.7,
2020,Yukon,To Quebec,"Fish, crustaceans, shellfish and other fishery products [M1140]",millions,0.1,
2020,Yukon,To British Columbia,"Fish, crustaceans, shellfish and other fishery products [M1140]",millions,1.0,
2020,Yukon,To Yukon,"Fish, crustaceans, shellfish and other fishery products [M1140]",millions,0.6,
2020,Yukon,Interprovincial exports,"Fish, crustaceans, shellfish and other fishery products [M1140]",millions,1.1,
2020,Yukon,Interprovincial imports,"Fish, crustaceans, shellfish and other fishery products [M1140]",millions,0.5,
2020,Yukon,International exports,"Fish, crustaceans, shellfish and other fishery products [M1140]",millions,0.0,
2020,Yukon,International imports,"Fish, crustaceans, shellfish and other fishery products [M1140]",millions,0.4,
2020,Northwest Territories,Total supply,"Fish, crustaceans, shellfish and other fishery products [M1140]",millions,2.6,
2020,Northwest Territories,Total demand,"Fish, crustaceans, shellfish and other fishery products [M1140]",millions,2.2,
2020,Northwest Territories,To Manitoba,"Fish, crustaceans, shellfish and other fishery products [M1140]",millions,1.9,
2020,Northwest Territories,To Northwest Territories,"Fish, crustaceans, shellfish and other fishery products [M1140]",millions,0.1,
2020,Northwest Territories,Interprovincial exports,"Fish, crustaceans, shellfish and other fishery products [M1140]",millions,1.9,
2020,Northwest Territories,Interprovincial imports,"Fish, crustaceans, shellfish and other fishery products [M1140]",millions,2.6,
2020,Northwest Territories,International exports,"Fish, crustaceans, shellfish and other fishery products [M1140]",millions,0.2,
2020,Nunavut,Total supply,"Fish, crustaceans, shellfish and other fishery products [M1140]",millions,2.7,
2020,Nunavut,Total demand,"Fish, crustaceans, shellfish and other fishery products [M1140]",millions,43.4,
2020,Nunavut,To Newfoundland and Labrador,"Fish, crustaceans, shellfish and other fishery products [M1140]",millions,24.5,
2020,Nunavut,To Ontario,"Fish, crustaceans, shellfish and other fishery products [M1140]",millions,3.7,
2020,Nunavut,To Manitoba,"Fish, crustaceans, shellfish and other fishery products [M1140]",millions,3.6,
2020,Nunavut,To Alberta,"Fish, crustaceans, shellfish and other fishery products [M1140]",millions,5.7,
2020,Nunavut,To Northwest Territories,"Fish, crustaceans, shellfish and other fishery products [M1140]",millions,2.3,
2020,Nunavut,To Nunavut,"Fish, crustaceans, shellfish and other fishery products [M1140]",millions,2.7,
2020,Nunavut,Interprovincial exports,"Fish, crustaceans, shellfish and other fishery products [M1140]",millions,39.9,
2020,Nunavut,International exports,"Fish, crustaceans, shellfish and other fishery products [M1140]",millions,0.8,
2021,Canada,Total supply and total demand,"Fish, crustaceans, shellfish and other fishery products [M1140]",millions,9116.9,
2021,Canada,Interprovincial exports,"Fish, crustaceans, shellfish and other fishery products [M1140]",millions,2133.6,
2021,Canada,Interprovincial imports,"Fish, crustaceans, shellfish and other fishery products [M1140]",millions,2133.6,
2021,Canada,International exports,"Fish, crustaceans, shellfish and other fishery products [M1140]",millions,2756.6,
2021,Canada,International re-exports,"Fish, crustaceans, shellfish and other fishery products [M1140]",millions,17.7,
2021,Canada,International imports,"Fish, crustaceans, shellfish and other fishery products [M1140]",millions,1453.7,
2021,Newfoundland and Labrador,Total supply,"Fish, crustaceans, shellfish and other fishery products [M1140]",millions,910.4,
2021,Newfoundland and Labrador,Total demand,"Fish, crustaceans, shellfish and other fishery products [M1140]",millions,1527.2,
2021,Newfoundland and Labrador,To Newfoundland and Labrador,"Fish, crustaceans, shellfish and other fishery products [M1140]",millions,801.5,
2021,Newfoundland and Labrador,To Prince Edward Island,"Fish, crustaceans, shellfish and other fishery products [M1140]",millions,1.7,
2021,Newfoundland and Labrador,To Nova Scotia,"Fish, crustaceans, shellfish and other fishery products [M1140]",millions,191.7,
2021,Newfoundland and Labrador,To New Brunswick,"Fish, crustaceans, shellfish and other fishery products [M1140]",millions,23.7,
2021,Newfoundland and Labrador,To Quebec,"Fish, crustaceans, shellfish and other fishery products [M1140]",millions,112.6,
2021,Newfoundland and Labrador,To Ontario,"Fish, crustaceans, shellfish and other fishery products [M1140]",millions,184.7,
2021,Newfoundland and Labrador,To Manitoba,"Fish, crustaceans, shellfish and other fishery products [M1140]",millions,37.5,
2021,Newfoundland and Labrador,To Saskatchewan,"Fish, crustaceans, shellfish and other fishery products [M1140]",millions,4.8,
2021,Newfoundland and Labrador,To Alberta,"Fish, crustaceans, shellfish and other fishery products [M1140]",millions,28.4,
2021,Newfoundland and Labrador,To British Columbia,"Fish, crustaceans, shellfish and other fishery products [M1140]",millions,8.3,
2021,Newfoundland and Labrador,To Yukon,"Fish, crustaceans, shellfish and other fishery products [M1140]",millions,0.7,
2021,Newfoundland and Labrador,Interprovincial exports,"Fish, crustaceans, shellfish and other fishery products [M1140]",millions,594.1,
2021,Newfoundland and Labrador,Interprovincial imports,"Fish, crustaceans, shellfish and other fishery products [M1140]",millions,99.1,
2021,Newfoundland and Labrador,International exports,"Fish, crustaceans, shellfish and other fishery products [M1140]",millions,131.6,
2021,Newfoundland and Labrador,International imports,"Fish, crustaceans, shellfish and other fishery products [M1140]",millions,9.7,
2021,Prince Edward Island,Total supply,"Fish, crustaceans, shellfish and other fishery products [M1140]",millions,271.5,
2021,Prince Edward Island,Total demand,"Fish, crustaceans, shellfish and other fishery products [M1140]",millions,478.9,
2021,Prince Edward Island,To Newfoundland and Labrador,"Fish, crustaceans, shellfish and other fishery products [M1140]",millions,0.1,
2021,Prince Edward Island,To Prince Edward Island,"Fish, crustaceans, shellfish and other fishery products [M1140]",millions,266.9,
2021,Prince Edward Island,To Nova Scotia,"Fish, crustaceans, shellfish and other fishery products [M1140]",millions,26.3,
2021,Prince Edward Island,To New Brunswick,"Fish, crustaceans, shellfish and other fishery products [M1140]",millions,26.8,
2021,Prince Edward Island,To Quebec,"Fish, crustaceans, shellfish and other fishery products [M1140]",millions,40.1,
2021,Prince Edward Island,To Ontario,"Fish, crustaceans, shellfish and other fishery products [M1140]",millions,30.9,
2021,Prince Edward Island,To Manitoba,"Fish, crustaceans, shellfish and other fishery products [M1140]",millions,4.8,
2021,Prince Edward Island,To Saskatchewan,"Fish, crustaceans, shellfish and other fishery products [M1140]",millions,0.2,
2021,Prince Edward Island,To Alberta,"Fish, crustaceans, shellfish and other fishery products [M1140]",millions,3.0,
2021,Prince Edward Island,To British Columbia,"Fish, crustaceans, shellfish and other fishery products [M1140]",millions,0.1,
2021,Prince Edward Island,Interprovincial exports,"Fish, crustaceans, shellfish and other fishery products [M1140]",millions,132.3,
2021,Prince Edward Island,Interprovincial imports,"Fish, crustaceans, shellfish and other fishery products [M1140]",millions,4.0,
2021,Prince Edward Island,International exports,"Fish, crustaceans, shellfish and other fishery products [M1140]",millions,79.6,
2021,Prince Edward Island,International imports,"Fish, crustaceans, shellfish and other fishery products [M1140]",millions,0.6,
2021,Nova Scotia,Total supply,"Fish, crustaceans, shellfish and other fishery products [M1140]",millions,869.2,
2021,Nova Scotia,Total demand,"Fish, crustaceans, shellfish and other fishery products [M1140]",millions,2048.7,
2021,Nova Scotia,To Newfoundland and Labrador,"Fish, crustaceans, shellfish and other fishery products [M1140]",millions,25.7,
2021,Nova Scotia,To Prince Edward Island,"Fish, crustaceans, shellfish and other fishery products [M1140]",millions,1.9,
2021,Nova Scotia,To Nova Scotia,"Fish, crustaceans, shellfish and other fishery products [M1140]",millions,566.3,
2021,Nova Scotia,To New Brunswick,"Fish, crustaceans, shellfish and other fishery products [M1140]",millions,134.8,
2021,Nova Scotia,To Quebec,"Fish, crustaceans, shellfish and other fishery products [M1140]",millions,55.8,
2021,Nova Scotia,To Ontario,"Fish, crustaceans, shellfish and other fishery products [M1140]",millions,131.4,
2021,Nova Scotia,To Manitoba,"Fish, crustaceans, shellfish and other fishery products [M1140]",millions,0.8,
2021,Nova Scotia,To Saskatchewan,"Fish, crustaceans, shellfish and other fishery products [M1140]",millions,0.2,
2021,Nova Scotia,To Alberta,"Fish, crustaceans, shellfish and other fishery products [M1140]",millions,11.2,
2021,Nova Scotia,To British Columbia,"Fish, crustaceans, shellfish and other fishery products [M1140]",millions,9.4,
2021,Nova Scotia,Interprovincial exports,"Fish, crustaceans, shellfish and other fishery products [M1140]",millions,371.4,
2021,Nova Scotia,Interprovincial imports,"Fish, crustaceans, shellfish and other fishery products [M1140]",millions,273.4,
2021,Nova Scotia,International exports,"Fish, crustaceans, shellfish and other fishery products [M1140]",millions,1111.0,
2021,Nova Scotia,International imports,"Fish, crustaceans, shellfish and other fishery products [M1140]",millions,29.6,
2021,New Brunswick,Total supply,"Fish, crustaceans, shellfish and other fishery products [M1140]",millions,1217.5,
2021,New Brunswick,Total demand,"Fish, crustaceans, shellfish and other fishery products [M1140]",millions,1179.0,
2021,New Brunswick,To Newfoundland and Labrador,"Fish, crustaceans, shellfish and other fishery products [M1140]",millions,36.4,
2021,New Brunswick,To Prince Edward Island,"Fish, crustaceans, shellfish and other fishery products [M1140]",millions,0.2,
2021,New Brunswick,To Nova Scotia,"Fish, crustaceans, shellfish and other fishery products [M1140]",millions,27.2,
2021,New Brunswick,To New Brunswick,"Fish, crustaceans, shellfish and other fishery products [M1140]",millions,344.6,
2021,New Brunswick,To Quebec,"Fish, crustaceans, shellfish and other fishery products [M1140]",millions,160.8,
2021,New Brunswick,To Ontario,"Fish, crustaceans, shellfish and other fishery products [M1140]",millions,151.3,
2021,New Brunswick,To Manitoba,"Fish, crustaceans, shellfish and other fishery products [M1140]",millions,11.5,
2021,New Brunswick,To Saskatchewan,"Fish, crustaceans, shellfish and other fishery products [M1140]",millions,0.2,
2021,New Brunswick,To Alberta,"Fish, crustaceans, shellfish and other fishery products [M1140]",millions,4.6,
2021,New Brunswick,To British Columbia,"Fish, crustaceans, shellfish and other fishery products [M1140]",millions,1.5,
2021,New Brunswick,Interprovincial exports,"Fish, crustaceans, shellfish and other fishery products [M1140]",millions,393.7,
2021,New Brunswick,Interprovincial imports,"Fish, crustaceans, shellfish and other fishery products [M1140]",millions,208.5,
2021,New Brunswick,International exports,"Fish, crustaceans, shellfish and other fishery products [M1140]",millions,440.8,
2021,New Brunswick,International imports,"Fish, crustaceans, shellfish and other fishery products [M1140]",millions,664.5,
2021,Quebec,Total supply,"Fish, crustaceans, shellfish and other fishery products [M1140]",millions,903.9,
2021,Quebec,Total demand,"Fish, crustaceans, shellfish and other fishery products [M1140]",millions,698.6,
2021,Quebec,To Newfoundland and Labrador,"Fish, crustaceans, shellfish and other fishery products [M1140]",millions,0.7,
2021,Quebec,To Prince Edward Island,"Fish, crustaceans, shellfish and other fishery products [M1140]",millions,0.1,
2021,Quebec,To Nova Scotia,"Fish, crustaceans, shellfish and other fishery products [M1140]",millions,5.6,
2021,Quebec,To Quebec,"Fish, crustaceans, shellfish and other fishery products [M1140]",millions,381.5,
2021,Quebec,To Ontario,"Fish, crustaceans, shellfish and other fishery products [M1140]",millions,167.1,
2021,Quebec,To Manitoba,"Fish, crustaceans, shellfish and other fishery products [M1140]",millions,3.3,
2021,Quebec,To Saskatchewan,"Fish, crustaceans, shellfish and other fishery products [M1140]",millions,11.4,
2021,Quebec,To Alberta,"Fish, crustaceans, shellfish and other fishery products [M1140]",millions,78.5,
2021,Quebec,To British Columbia,"Fish, crustaceans, shellfish and other fishery products [M1140]",millions,13.7,
2021,Quebec,Interprovincial exports,"Fish, crustaceans, shellfish and other fishery products [M1140]",millions,280.4,
2021,Quebec,Interprovincial imports,"Fish, crustaceans, shellfish and other fishery products [M1140]",millions,439.8,
2021,Quebec,International exports,"Fish, crustaceans, shellfish and other fishery products [M1140]",millions,36.7,
2021,Quebec,International imports,"Fish, crustaceans, shellfish and other fishery products [M1140]",millions,82.6,
2021,Ontario,Total supply,"Fish, crustaceans, shellfish and other fishery products [M1140]",millions,1076.7,
2021,Ontario,Total demand,"Fish, crustaceans, shellfish and other fishery products [M1140]",millions,228.3,
2021,Ontario,To Nova Scotia,"Fish, crustaceans, shellfish and other fishery products [M1140]",millions,10.3,
2021,Ontario,To New Brunswick,"Fish, crustaceans, shellfish and other fishery products [M1140]",millions,1.9,
2021,Ontario,To Quebec,"Fish, crustaceans, shellfish and other fishery products [M1140]",millions,24.9,
2021,Ontario,To Ontario,"Fish, crustaceans, shellfish and other fishery products [M1140]",millions,79.7,
2021,Ontario,To Manitoba,"Fish, crustaceans, shellfish and other fishery products [M1140]",millions,0.8,
2021,Ontario,To Saskatchewan,"Fish, crustaceans, shellfish and other fishery products [M1140]",millions,5.3,
2021,Ontario,To Alberta,"Fish, crustaceans, shellfish and other fishery products [M1140]",millions,22.8,
2021,Ontario,To British Columbia,"Fish, crustaceans, shellfish and other fishery products [M1140]",millions,9.3,
2021,Ontario,To Northwest Territories,"Fish, crustaceans, shellfish and other fishery products [M1140]",millions,0.2,
2021,Ontario,Interprovincial exports,"Fish, crustaceans, shellfish and other fishery products [M1140]",millions,75.5,
2021,Ontario,Interprovincial imports,"Fish, crustaceans, shellfish and other fishery products [M1140]",millions,736.6,
2021,Ontario,International exports,"Fish, crustaceans, shellfish and other fishery products [M1140]",millions,73.1,
2021,Ontario,International imports,"Fish, crustaceans, shellfish and other fishery products [M1140]",millions,260.3,
2021,Manitoba,Total supply,"Fish, crustaceans, shellfish and other fishery products [M1140]",millions,112.6,
2021,Manitoba,Total demand,"Fish, crustaceans, shellfish and other fishery products [M1140]",millions,39.8,
2021,Manitoba,To Newfoundland and Labrador,"Fish, crustaceans, shellfish and other fishery products [M1140]",millions,0.0,
2021,Manitoba,To Nova Scotia,"Fish, crustaceans, shellfish and other fishery products [M1140]",millions,5.5,
2021,Manitoba,To New Brunswick,"Fish, crustaceans, shellfish and other fishery products [M1140]",millions,0.5,
2021,Manitoba,To Quebec,"Fish, crustaceans, shellfish and other fishery products [M1140]",millions,0.0,
2021,Manitoba,To Ontario,"Fish, crustaceans, shellfish and other fishery products [M1140]",millions,12.7,
2021,Manitoba,To Manitoba,"Fish, crustaceans, shellfish and other fishery products [M1140]",millions,6.0,
2021,Manitoba,To Saskatchewan,"Fish, crustaceans, shellfish and other fishery products [M1140]",millions,0.6,
2021,Manitoba,To Alberta,"Fish, crustaceans, shellfish and other fishery products [M1140]",millions,2.1,
2021,Manitoba,To British Columbia,"Fish, crustaceans, shellfish and other fishery products [M1140]",millions,0.4,
2021,Manitoba,Interprovincial exports,"Fish, crustaceans, shellfish and other fishery products [M1140]",millions,21.8,
2021,Manitoba,Interprovincial imports,"Fish, crustaceans, shellfish and other fishery products [M1140]",millions,105.6,
2021,Manitoba,International exports,"Fish, crustaceans, shellfish and other fishery products [M1140]",millions,12.1,
2021,Manitoba,International imports,"Fish, crustaceans, shellfish and other fishery products [M1140]",millions,1.0,
2021,Saskatchewan,Total supply,"Fish, crustaceans, shellfish and other fishery products [M1140]",millions,28.9,
2021,Saskatchewan,Total demand,"Fish, crustaceans, shellfish and other fishery products [M1140]",millions,11.0,
2021,Saskatchewan,To Nova Scotia,"Fish, crustaceans, shellfish and other fishery products [M1140]",millions,0.0,
2021,Saskatchewan,To New Brunswick,"Fish, crustaceans, shellfish and other fishery products [M1140]",millions,0.1,
2021,Saskatchewan,To Quebec,"Fish, crustaceans, shellfish and other fishery products [M1140]",millions,0.5,
2021,Saskatchewan,To Ontario,"Fish, crustaceans, shellfish and other fishery products [M1140]",millions,0.6,
2021,Saskatchewan,To Manitoba,"Fish, crustaceans, shellfish and other fishery products [M1140]",millions,0.4,
2021,Saskatchewan,To Saskatchewan,"Fish, crustaceans, shellfish and other fishery products [M1140]",millions,3.8,
2021,Saskatchewan,To Alberta,"Fish, crustaceans, shellfish and other fishery products [M1140]",millions,0.0,
2021,Saskatchewan,To British Columbia,"Fish, crustaceans, shellfish and other fishery products [M1140]",millions,5.1,
2021,Saskatchewan,Interprovincial exports,"Fish, crustaceans, shellfish and other fishery products [M1140]",millions,6.7,
2021,Saskatchewan,Interprovincial imports,"Fish, crustaceans, shellfish and other fishery products [M1140]",millions,24.4,
2021,Saskatchewan,International exports,"Fish, crustaceans, shellfish and other fishery products [M1140]",millions,0.5,
2021,Saskatchewan,International imports,"Fish, crustaceans, shellfish and other fishery products [M1140]",millions,0.7,
2021,Alberta,Total supply,"Fish, crustaceans, shellfish and other fishery products [M1140]",millions,199.6,
2021,Alberta,Total demand,"Fish, crustaceans, shellfish and other fishery products [M1140]",millions,3.3,
2021,Alberta,To Alberta,"Fish, crustaceans, shellfish and other fishery products [M1140]",millions,3.2,
2021,Alberta,Interprovincial exports,"Fish, crustaceans, shellfish and other fishery products [M1140]",millions,0.0,
2021,Alberta,Interprovincial imports,"Fish, crustaceans, shellfish and other fishery products [M1140]",millions,190.0,
2021,Alberta,International exports,"Fish, crustaceans, shellfish and other fishery products [M1140]",millions,0.1,
2021,Alberta,International imports,"Fish, crustaceans, shellfish and other fishery products [M1140]",millions,6.4,
2021,British Columbia,Total supply,"Fish, crustaceans, shellfish and other fishery products [M1140]",millions,742.2,
2021,British Columbia,Total demand,"Fish, crustaceans, shellfish and other fishery products [M1140]",millions,1384.0,
2021,British Columbia,To Newfoundland and Labrador,"Fish, crustaceans, shellfish and other fishery products [M1140]",millions,1.1,
2021,British Columbia,To Prince Edward Island,"Fish, crustaceans, shellfish and other fishery products [M1140]",millions,0.0,
2021,British Columbia,To Nova Scotia,"Fish, crustaceans, shellfish and other fishery products [M1140]",millions,6.7,
2021,British Columbia,To New Brunswick,"Fish, crustaceans, shellfish and other fishery products [M1140]",millions,20.7,
2021,British Columbia,To Quebec,"Fish, crustaceans, shellfish and other fishery products [M1140]",millions,44.9,
2021,British Columbia,To Ontario,"Fish, crustaceans, shellfish and other fishery products [M1140]",millions,53.8,
2021,British Columbia,To Manitoba,"Fish, crustaceans, shellfish and other fishery products [M1140]",millions,39.5,
2021,British Columbia,To Saskatchewan,"Fish, crustaceans, shellfish and other fishery products [M1140]",millions,1.8,
2021,British Columbia,To Alberta,"Fish, crustaceans, shellfish and other fishery products [M1140]",millions,32.7,
2021,British Columbia,To British Columbia,"Fish, crustaceans, shellfish and other fishery products [M1140]",millions,312.8,
2021,British Columbia,To Yukon,"Fish, crustaceans, shellfish and other fishery products [M1140]",millions,0.0,
2021,British Columbia,To Northwest Territories,"Fish, crustaceans, shellfish and other fishery products [M1140]",millions,0.0,
2021,British Columbia,Interprovincial exports,"Fish, crustaceans, shellfish and other fishery products [M1140]",millions,201.3,
2021,British Columbia,Interprovincial imports,"Fish, crustaceans, shellfish and other fishery products [M1140]",millions,49.2,
2021,British Columbia,International exports,"Fish, crustaceans, shellfish and other fishery products [M1140]",millions,869.9,
2021,British Columbia,International imports,"Fish, crustaceans, shellfish and other fishery products [M1140]",millions,380.2,
2021,Yukon,Total supply,"Fish, crustaceans, shellfish and other fishery products [M1140]",millions,1.7,
2021,Yukon,Total demand,"Fish, crustaceans, shellfish and other fishery products [M1140]",millions,1.9,
2021,Yukon,To Quebec,"Fish, crustaceans, shellfish and other fishery products [M1140]",millions,0.1,
2021,Yukon,To British Columbia,"Fish, crustaceans, shellfish and other fishery products [M1140]",millions,1.2,
2021,Yukon,To Yukon,"Fish, crustaceans, shellfish and other fishery products [M1140]",millions,0.5,
2021,Yukon,Interprovincial exports,"Fish, crustaceans, shellfish and other fishery products [M1140]",millions,1.3,
2021,Yukon,Interprovincial imports,"Fish, crustaceans, shellfish and other fishery products [M1140]",millions,0.7,
2021,Yukon,International exports,"Fish, crustaceans, shellfish and other fishery products [M1140]",millions,0.0,
2021,Yukon,International imports,"Fish, crustaceans, shellfish and other fishery products [M1140]",millions,0.5,
2021,Northwest Territories,Total supply,"Fish, crustaceans, shellfish and other fishery products [M1140]",millions,2.3,
2021,Northwest Territories,Total demand,"Fish, crustaceans, shellfish and other fishery products [M1140]",millions,2.5,
2021,Northwest Territories,To Manitoba,"Fish, crustaceans, shellfish and other fishery products [M1140]",millions,2.2,
2021,Northwest Territories,To Northwest Territories,"Fish, crustaceans, shellfish and other fishery products [M1140]",millions,0.1,
2021,Northwest Territories,Interprovincial exports,"Fish, crustaceans, shellfish and other fishery products [M1140]",millions,2.2,
2021,Northwest Territories,Interprovincial imports,"Fish, crustaceans, shellfish and other fishery products [M1140]",millions,2.2,
2021,Northwest Territories,International exports,"Fish, crustaceans, shellfish and other fishery products [M1140]",millions,0.3,
2021,Nunavut,Total supply,"Fish, crustaceans, shellfish and other fishery products [M1140]",millions,6.1,
2021,Nunavut,Total demand,"Fish, crustaceans, shellfish and other fishery products [M1140]",millions,60.0,
2021,Nunavut,To Newfoundland and Labrador,"Fish, crustaceans, shellfish and other fishery products [M1140]",millions,35.2,
2021,Nunavut,To Ontario,"Fish, crustaceans, shellfish and other fishery products [M1140]",millions,4.0,
2021,Nunavut,To Manitoba,"Fish, crustaceans, shellfish and other fishery products [M1140]",millions,4.9,
2021,Nunavut,To Alberta,"Fish, crustaceans, shellfish and other fishery products [M1140]",millions,6.8,
2021,Nunavut,To Northwest Territories,"Fish, crustaceans, shellfish and other fishery products [M1140]",millions,2.1,
2021,Nunavut,To Nunavut,"Fish, crustaceans, shellfish and other fishery products [M1140]",millions,6.1,
2021,Nunavut,Interprovincial exports,"Fish, crustaceans, shellfish and other fishery products [M1140]",millions,52.9,
2021,Nunavut,International exports,"Fish, crustaceans, shellfish and other fishery products [M1140]",millions,1.0,
2022,Canada,Total supply and total demand,"Fish, crustaceans, shellfish and other fishery products [M1140]",millions,9386.3,
2022,Canada,Interprovincial exports,"Fish, crustaceans, shellfish and other fishery products [M1140]",millions,2438.5,
2022,Canada,Interprovincial imports,"Fish, crustaceans, shellfish and other fishery products [M1140]",millions,2438.5,
2022,Canada,International exports,"Fish, crustaceans, shellfish and other fishery products [M1140]",millions,2776.8,
2022,Canada,International re-exports,"Fish, crustaceans, shellfish and other fishery products [M1140]",millions,16.0,
2022,Canada,International imports,"Fish, crustaceans, shellfish and other fishery products [M1140]",millions,1292.3,
2022,Newfoundland and Labrador,Total supply,"Fish, crustaceans, shellfish and other fishery products [M1140]",millions,875.9,
2022,Newfoundland and Labrador,Total demand,"Fish, crustaceans, shellfish and other fishery products [M1140]",millions,1612.0,
2022,Newfoundland and Labrador,To Newfoundland and Labrador,"Fish, crustaceans, shellfish and other fishery products [M1140]",millions,736.2,
2022,Newfoundland and Labrador,To Prince Edward Island,"Fish, crustaceans, shellfish and other fishery products [M1140]",millions,1.9,
2022,Newfoundland and Labrador,To Nova Scotia,"Fish, crustaceans, shellfish and other fishery products [M1140]",millions,235.8,
2022,Newfoundland and Labrador,To New Brunswick,"Fish, crustaceans, shellfish and other fishery products [M1140]",millions,31.7,
2022,Newfoundland and Labrador,To Quebec,"Fish, crustaceans, shellfish and other fishery products [M1140]",millions,142.1,
2022,Newfoundland and Labrador,To Ontario,"Fish, crustaceans, shellfish and other fishery products [M1140]",millions,242.2,
2022,Newfoundland and Labrador,To Manitoba,"Fish, crustaceans, shellfish and other fishery products [M1140]",millions,36.5,
2022,Newfoundland and Labrador,To Saskatchewan,"Fish, crustaceans, shellfish and other fishery products [M1140]",millions,6.4,
2022,Newfoundland and Labrador,To Alberta,"Fish, crustaceans, shellfish and other fishery products [M1140]",millions,33.4,
2022,Newfoundland and Labrador,To British Columbia,"Fish, crustaceans, shellfish and other fishery products [M1140]",millions,11.4,
2022,Newfoundland and Labrador,To Yukon,"Fish, crustaceans, shellfish and other fishery products [M1140]",millions,1.2,
2022,Newfoundland and Labrador,Interprovincial exports,"Fish, crustaceans, shellfish and other fishery products [M1140]",millions,742.7,
2022,Newfoundland and Labrador,Interprovincial imports,"Fish, crustaceans, shellfish and other fishery products [M1140]",millions,131.3,
2022,Newfoundland and Labrador,International exports,"Fish, crustaceans, shellfish and other fishery products [M1140]",millions,133.2,
2022,Newfoundland and Labrador,International imports,"Fish, crustaceans, shellfish and other fishery products [M1140]",millions,8.4,
2022,Prince Edward Island,Total supply,"Fish, crustaceans, shellfish and other fishery products [M1140]",millions,256.9,
2022,Prince Edward Island,Total demand,"Fish, crustaceans, shellfish and other fishery products [M1140]",millions,477.9,
2022,Prince Edward Island,To Newfoundland and Labrador,"Fish, crustaceans, shellfish and other fishery products [M1140]",millions,0.1,
2022,Prince Edward Island,To Prince Edward Island,"Fish, crustaceans, shellfish and other fishery products [M1140]",millions,252.7,
2022,Prince Edward Island,To Nova Scotia,"Fish, crustaceans, shellfish and other fishery products [M1140]",millions,29.4,
2022,Prince Edward Island,To New Brunswick,"Fish, crustaceans, shellfish and other fishery products [M1140]",millions,30.5,
2022,Prince Edward Island,To Quebec,"Fish, crustaceans, shellfish and other fishery products [M1140]",millions,43.0,
2022,Prince Edward Island,To Ontario,"Fish, crustaceans, shellfish and other fishery products [M1140]",millions,34.4,
2022,Prince Edward Island,To Manitoba,"Fish, crustaceans, shellfish and other fishery products [M1140]",millions,3.9,
2022,Prince Edward Island,To Saskatchewan,"Fish, crustaceans, shellfish and other fishery products [M1140]",millions,0.3,
2022,Prince Edward Island,To Alberta,"Fish, crustaceans, shellfish and other fishery products [M1140]",millions,2.9,
2022,Prince Edward Island,To British Columbia,"Fish, crustaceans, shellfish and other fishery products [M1140]",millions,0.1,
2022,Prince Edward Island,Interprovincial exports,"Fish, crustaceans, shellfish and other fishery products [M1140]",millions,144.7,
2022,Prince Edward Island,Interprovincial imports,"Fish, crustaceans, shellfish and other fishery products [M1140]",millions,3.9,
2022,Prince Edward Island,International exports,"Fish, crustaceans, shellfish and other fishery products [M1140]",millions,80.6,
2022,Prince Edward Island,International imports,"Fish, crustaceans, shellfish and other fishery products [M1140]",millions,0.4,
2022,Nova Scotia,Total supply,"Fish, crustaceans, shellfish and other fishery products [M1140]",millions,912.2,
2022,Nova Scotia,Total demand,"Fish, crustaceans, shellfish and other fishery products [M1140]",millions,2052.8,
2022,Nova Scotia,To Newfoundland and Labrador,"Fish, crustaceans, shellfish and other fishery products [M1140]",millions,17.9,
2022,Nova Scotia,To Prince Edward Island,"Fish, crustaceans, shellfish and other fishery products [M1140]",millions,1.6,
2022,Nova Scotia,To Nova Scotia,"Fish, crustaceans, shellfish and other fishery products [M1140]",millions,567.0,
2022,Nova Scotia,To New Brunswick,"Fish, crustaceans, shellfish and other fishery products [M1140]",millions,141.9,
2022,Nova Scotia,To Quebec,"Fish, crustaceans, shellfish and other fishery products [M1140]",millions,50.5,
2022,Nova Scotia,To Ontario,"Fish, crustaceans, shellfish and other fishery products [M1140]",millions,128.9,
2022,Nova Scotia,To Manitoba,"Fish, crustaceans, shellfish and other fishery products [M1140]",millions,0.6,
2022,Nova Scotia,To Saskatchewan,"Fish, crustaceans, shellfish and other fishery products [M1140]",millions,0.2,
2022,Nova Scotia,To Alberta,"Fish, crustaceans, shellfish and other fishery products [M1140]",millions,10.0,
2022,Nova Scotia,To British Columbia,"Fish, crustaceans, shellfish and other fishery products [M1140]",millions,9.8,
2022,Nova Scotia,Interprovincial exports,"Fish, crustaceans, shellfish and other fishery products [M1140]",millions,361.5,
2022,Nova Scotia,Interprovincial imports,"Fish, crustaceans, shellfish and other fishery products [M1140]",millions,319.4,
2022,Nova Scotia,International exports,"Fish, crustaceans, shellfish and other fishery products [M1140]",millions,1124.3,
2022,Nova Scotia,International imports,"Fish, crustaceans, shellfish and other fishery products [M1140]",millions,25.9,
2022,New Brunswick,Total supply,"Fish, crustaceans, shellfish and other fishery products [M1140]",millions,1177.5,
2022,New Brunswick,Total demand,"Fish, crustaceans, shellfish and other fishery products [M1140]",millions,1172.2,
2022,New Brunswick,To Newfoundland and Labrador,"Fish, crustaceans, shellfish and other fishery products [M1140]",millions,26.6,
2022,New Brunswick,To Prince Edward Island,"Fish, crustaceans, shellfish and other fishery products [M1140]",millions,0.2,
2022,New Brunswick,To Nova Scotia,"Fish, crustaceans, shellfish and other fishery products [M1140]",millions,26.5,
2022,New Brunswick,To New Brunswick,"Fish, crustaceans, shellfish and other fishery products [M1140]",millions,343.1,
2022,New Brunswick,To Quebec,"Fish, crustaceans, shellfish and other fishery products [M1140]",millions,161.4,
2022,New Brunswick,To Ontario,"Fish, crustaceans, shellfish and other fishery products [M1140]",millions,157.8,
2022,New Brunswick,To Manitoba,"Fish, crustaceans, shellfish and other fishery products [M1140]",millions,8.9,
2022,New Brunswick,To Saskatchewan,"Fish, crustaceans, shellfish and other fishery products [M1140]",millions,0.2,
2022,New Brunswick,To Alberta,"Fish, crustaceans, shellfish and other fishery products [M1140]",millions,4.3,
2022,New Brunswick,To British Columbia,"Fish, crustaceans, shellfish and other fishery products [M1140]",millions,1.6,
2022,New Brunswick,Interprovincial exports,"Fish, crustaceans, shellfish and other fishery products [M1140]",millions,387.5,
2022,New Brunswick,Interprovincial imports,"Fish, crustaceans, shellfish and other fishery products [M1140]",millions,232.3,
2022,New Brunswick,International exports,"Fish, crustaceans, shellfish and other fishery products [M1140]",millions,441.7,
2022,New Brunswick,International imports,"Fish, crustaceans, shellfish and other fishery products [M1140]",millions,602.1,
2022,Quebec,Total supply,"Fish, crustaceans, shellfish and other fishery products [M1140]",millions,962.5,
2022,Quebec,Total demand,"Fish, crustaceans, shellfish and other fishery products [M1140]",millions,755.9,
2022,Quebec,To Newfoundland and Labrador,"Fish, crustaceans, shellfish and other fishery products [M1140]",millions,0.6,
2022,Quebec,To Prince Edward Island,"Fish, crustaceans, shellfish and other fishery products [M1140]",millions,0.1,
2022,Quebec,To Nova Scotia,"Fish, crustaceans, shellfish and other fishery products [M1140]",millions,6.3,
2022,Quebec,To Quebec,"Fish, crustaceans, shellfish and other fishery products [M1140]",millions,413.0,
2022,Quebec,To Ontario,"Fish, crustaceans, shellfish and other fishery products [M1140]",millions,188.0,
2022,Quebec,To Manitoba,"Fish, crustaceans, shellfish and other fishery products [M1140]",millions,2.8,
2022,Quebec,To Saskatchewan,"Fish, crustaceans, shellfish and other fishery products [M1140]",millions,13.1,
2022,Quebec,To Alberta,"Fish, crustaceans, shellfish and other fishery products [M1140]",millions,79.1,
2022,Quebec,To British Columbia,"Fish, crustaceans, shellfish and other fishery products [M1140]",millions,16.1,
2022,Quebec,Interprovincial exports,"Fish, crustaceans, shellfish and other fishery products [M1140]",millions,306.1,
2022,Quebec,Interprovincial imports,"Fish, crustaceans, shellfish and other fishery products [M1140]",millions,480.1,
2022,Quebec,International exports,"Fish, crustaceans, shellfish and other fishery products [M1140]",millions,36.9,
2022,Quebec,International imports,"Fish, crustaceans, shellfish and other fishery products [M1140]",millions,69.5,
2022,Ontario,Total supply,"Fish, crustaceans, shellfish and other fishery products [M1140]",millions,1160.5,
2022,Ontario,Total demand,"Fish, crustaceans, shellfish and other fishery products [M1140]",millions,210.9,
2022,Ontario,To Nova Scotia,"Fish, crustaceans, shellfish and other fishery products [M1140]",millions,9.4,
2022,Ontario,To New Brunswick,"Fish, crustaceans, shellfish and other fishery products [M1140]",millions,1.7,
2022,Ontario,To Quebec,"Fish, crustaceans, shellfish and other fishery products [M1140]",millions,21.6,
2022,Ontario,To Ontario,"Fish, crustaceans, shellfish and other fishery products [M1140]",millions,71.8,
2022,Ontario,To Manitoba,"Fish, crustaceans, shellfish and other fishery products [M1140]",millions,0.5,
2022,Ontario,To Saskatchewan,"Fish, crustaceans, shellfish and other fishery products [M1140]",millions,4.9,
2022,Ontario,To Alberta,"Fish, crustaceans, shellfish and other fishery products [M1140]",millions,18.4,
2022,Ontario,To British Columbia,"Fish, crustaceans, shellfish and other fishery products [M1140]",millions,8.7,
2022,Ontario,To Northwest Territories,"Fish, crustaceans, shellfish and other fishery products [M1140]",millions,0.1,
2022,Ontario,Interprovincial exports,"Fish, crustaceans, shellfish and other fishery products [M1140]",millions,65.2,
2022,Ontario,Interprovincial imports,"Fish, crustaceans, shellfish and other fishery products [M1140]",millions,861.3,
2022,Ontario,International exports,"Fish, crustaceans, shellfish and other fishery products [M1140]",millions,73.9,
2022,Ontario,International imports,"Fish, crustaceans, shellfish and other fishery products [M1140]",millions,227.4,
2022,Manitoba,Total supply,"Fish, crustaceans, shellfish and other fishery products [M1140]",millions,119.2,
2022,Manitoba,Total demand,"Fish, crustaceans, shellfish and other fishery products [M1140]",millions,52.0,
2022,Manitoba,To Newfoundland and Labrador,"Fish, crustaceans, shellfish and other fishery products [M1140]",millions,0.0,
2022,Manitoba,To Nova Scotia,"Fish, crustaceans, shellfish and other fishery products [M1140]",millions,5.5,
2022,Manitoba,To New Brunswick,"Fish, crustaceans, shellfish and other fishery products [M1140]",millions,0.7,
2022,Manitoba,To Quebec,"Fish, crustaceans, shellfish and other fishery products [M1140]",millions,0.0,
2022,Manitoba,To Ontario,"Fish, crustaceans, shellfish and other fishery products [M1140]",millions,19.5,
2022,Manitoba,To Manitoba,"Fish, crustaceans, shellfish and other fishery products [M1140]",millions,9.7,
2022,Manitoba,To Saskatchewan,"Fish, crustaceans, shellfish and other fishery products [M1140]",millions,0.9,
2022,Manitoba,To Alberta,"Fish, crustaceans, shellfish and other fishery products [M1140]",millions,3.0,
2022,Manitoba,To British Columbia,"Fish, crustaceans, shellfish and other fishery products [M1140]",millions,0.7,
2022,Manitoba,Interprovincial exports,"Fish, crustaceans, shellfish and other fishery products [M1140]",millions,30.2,
2022,Manitoba,Interprovincial imports,"Fish, crustaceans, shellfish and other fishery products [M1140]",millions,108.9,
2022,Manitoba,International exports,"Fish, crustaceans, shellfish and other fishery products [M1140]",millions,12.1,
2022,Manitoba,International imports,"Fish, crustaceans, shellfish and other fishery products [M1140]",millions,0.7,
2022,Saskatchewan,Total supply,"Fish, crustaceans, shellfish and other fishery products [M1140]",millions,33.6,
2022,Saskatchewan,Total demand,"Fish, crustaceans, shellfish and other fishery products [M1140]",millions,12.4,
2022,Saskatchewan,To Nova Scotia,"Fish, crustaceans, shellfish and other fishery products [M1140]",millions,0.0,
2022,Saskatchewan,To New Brunswick,"Fish, crustaceans, shellfish and other fishery products [M1140]",millions,0.1,
2022,Saskatchewan,To Quebec,"Fish, crustaceans, shellfish and other fishery products [M1140]",millions,0.5,
2022,Saskatchewan,To Ontario,"Fish, crustaceans, shellfish and other fishery products [M1140]",millions,0.6,
2022,Saskatchewan,To Manitoba,"Fish, crustaceans, shellfish and other fishery products [M1140]",millions,0.3,
2022,Saskatchewan,To Saskatchewan,"Fish, crustaceans, shellfish and other fishery products [M1140]",millions,4.4,
2022,Saskatchewan,To Alberta,"Fish, crustaceans, shellfish and other fishery products [M1140]",millions,0.0,
2022,Saskatchewan,To British Columbia,"Fish, crustaceans, shellfish and other fishery products [M1140]",millions,5.9,
2022,Saskatchewan,Interprovincial exports,"Fish, crustaceans, shellfish and other fishery products [M1140]",millions,7.5,
2022,Saskatchewan,Interprovincial imports,"Fish, crustaceans, shellfish and other fishery products [M1140]",millions,28.6,
2022,Saskatchewan,International exports,"Fish, crustaceans, shellfish and other fishery products [M1140]",millions,0.5,
2022,Saskatchewan,International imports,"Fish, crustaceans, shellfish and other fishery products [M1140]",millions,0.6,
2022,Alberta,Total supply,"Fish, crustaceans, shellfish and other fishery products [M1140]",millions,222.3,
2022,Alberta,Total demand,"Fish, crustaceans, shellfish and other fishery products [M1140]",millions,4.1,
2022,Alberta,To Alberta,"Fish, crustaceans, shellfish and other fishery products [M1140]",millions,4.0,
2022,Alberta,Interprovincial exports,"Fish, crustaceans, shellfish and other fishery products [M1140]",millions,0.0,
2022,Alberta,Interprovincial imports,"Fish, crustaceans, shellfish and other fishery products [M1140]",millions,213.3,
2022,Alberta,International exports,"Fish, crustaceans, shellfish and other fishery products [M1140]",millions,0.1,
2022,Alberta,International imports,"Fish, crustaceans, shellfish and other fishery products [M1140]",millions,5.0,
2022,British Columbia,Total supply,"Fish, crustaceans, shellfish and other fishery products [M1140]",millions,855.9,
2022,British Columbia,Total demand,"Fish, crustaceans, shellfish and other fishery products [M1140]",millions,1591.7,
2022,British Columbia,To Newfoundland and Labrador,"Fish, crustaceans, shellfish and other fishery products [M1140]",millions,1.1,
2022,British Columbia,To Prince Edward Island,"Fish, crustaceans, shellfish and other fishery products [M1140]",millions,0.0,
2022,British Columbia,To Nova Scotia,"Fish, crustaceans, shellfish and other fishery products [M1140]",millions,6.5,
2022,British Columbia,To New Brunswick,"Fish, crustaceans, shellfish and other fishery products [M1140]",millions,25.6,
2022,British Columbia,To Quebec,"Fish, crustaceans, shellfish and other fishery products [M1140]",millions,60.8,
2022,British Columbia,To Ontario,"Fish, crustaceans, shellfish and other fishery products [M1140]",millions,75.7,
2022,British Columbia,To Manitoba,"Fish, crustaceans, shellfish and other fishery products [M1140]",millions,41.3,
2022,British Columbia,To Saskatchewan,"Fish, crustaceans, shellfish and other fishery products [M1140]",millions,2.6,
2022,British Columbia,To Alberta,"Fish, crustaceans, shellfish and other fishery products [M1140]",millions,41.2,
2022,British Columbia,To British Columbia,"Fish, crustaceans, shellfish and other fishery products [M1140]",millions,464.5,
2022,British Columbia,To Yukon,"Fish, crustaceans, shellfish and other fishery products [M1140]",millions,0.1,
2022,British Columbia,To Northwest Territories,"Fish, crustaceans, shellfish and other fishery products [M1140]",millions,0.0,
2022,British Columbia,Interprovincial exports,"Fish, crustaceans, shellfish and other fishery products [M1140]",millions,255.0,
2022,British Columbia,Interprovincial imports,"Fish, crustaceans, shellfish and other fishery products [M1140]",millions,55.7,
2022,British Columbia,International exports,"Fish, crustaceans, shellfish and other fishery products [M1140]",millions,872.2,
2022,British Columbia,International imports,"Fish, crustaceans, shellfish and other fishery products [M1140]",millions,335.7,
2022,Yukon,Total supply,"Fish, crustaceans, shellfish and other fishery products [M1140]",millions,2.6,
2022,Yukon,Total demand,"Fish, crustaceans, shellfish and other fishery products [M1140]",millions,2.3,
2022,Yukon,To Quebec,"Fish, crustaceans, shellfish and other fishery products [M1140]",millions,0.1,
2022,Yukon,To British Columbia,"Fish, crustaceans, shellfish and other fishery products [M1140]",millions,1.4,
2022,Yukon,To Yukon,"Fish, crustaceans, shellfish and other fishery products [M1140]",millions,0.8,
2022,Yukon,Interprovincial exports,"Fish, crustaceans, shellfish and other fishery products [M1140]",millions,1.6,
2022,Yukon,Interprovincial imports,"Fish, crustaceans, shellfish and other fishery products [M1140]",millions,1.3,
2022,Yukon,International exports,"Fish, crustaceans, shellfish and other fishery products [M1140]",millions,0.0,
2022,Yukon,International imports,"Fish, crustaceans, shellfish and other fishery products [M1140]",millions,0.6,
2022,Northwest Territories,Total supply,"Fish, crustaceans, shellfish and other fishery products [M1140]",millions,2.5,
2022,Northwest Territories,Total demand,"Fish, crustaceans, shellfish and other fishery products [M1140]",millions,1.9,
2022,Northwest Territories,To Manitoba,"Fish, crustaceans, shellfish and other fishery products [M1140]",millions,1.6,
2022,Northwest Territories,To Northwest Territories,"Fish, crustaceans, shellfish and other fishery products [M1140]",millions,0.0,
2022,Northwest Territories,Interprovincial exports,"Fish, crustaceans, shellfish and other fishery products [M1140]",millions,1.6,
2022,Northwest Territories,Interprovincial imports,"Fish, crustaceans, shellfish and other fishery products [M1140]",millions,2.5,
2022,Northwest Territories,International exports,"Fish, crustaceans, shellfish and other fishery products [M1140]",millions,0.3,
2022,Nunavut,Total supply,"Fish, crustaceans, shellfish and other fishery products [M1140]",millions,11.7,
2022,Nunavut,Total demand,"Fish, crustaceans, shellfish and other fishery products [M1140]",millions,147.7,
2022,Nunavut,To Newfoundland and Labrador,"Fish, crustaceans, shellfish and other fishery products [M1140]",millions,85.1,
2022,Nunavut,To Ontario,"Fish, crustaceans, shellfish and other fishery products [M1140]",millions,13.9,
2022,Nunavut,To Manitoba,"Fish, crustaceans, shellfish and other fishery products [M1140]",millions,12.5,
2022,Nunavut,To Alberta,"Fish, crustaceans, shellfish and other fishery products [M1140]",millions,21.0,
2022,Nunavut,To Northwest Territories,"Fish, crustaceans, shellfish and other fishery products [M1140]",millions,2.4,
2022,Nunavut,To Nunavut,"Fish, crustaceans, shellfish and other fishery products [M1140]",millions,11.7,
2022,Nunavut,Interprovincial exports,"Fish, crustaceans, shellfish and other fishery products [M1140]",millions,135.0,
2022,Nunavut,International exports,"Fish, crustaceans, shellfish and other fishery products [M1140]",millions,1.0,
